"id","name","age"
0,Aaron,96
1,Abbey,87
2,Abbie,46
3,Abby,27
4,Abdul,17
5,Abe,31
6,Abel,54
7,Abigail,95
8,Abraham,94
9,Abram,67
10,Ada,38
11,Adah,86
12,Adalberto,60
13,Adaline,22
14,Adam,50
15,Adan,60
16,Addie,24
17,Adela,67
18,Adelaida,76
19,Adelaide,70
20,Adele,44
21,Adelia,9
22,Adelina,82
23,Adeline,65
24,Adell,88
25,Adella,16
26,Adelle,11
27,Adena,16
28,Adina,98
29,Adolfo,50
30,Adolph,63
31,Adria,24
32,Adrian,71
33,Adriana,44
34,Adriane,78
35,Adrianna,64
36,Adrianne,17
37,Adrien,23
38,Adriene,28
39,Adrienne,59
40,Afton,89
41,Agatha,20
42,Agnes,11
43,Agnus,68
44,Agripina,49
45,Agueda,21
46,Agustin,4
47,Agustina,7
48,Ahmad,83
49,Ahmed,1
50,Ai,45
51,Aida,48
52,Aide,22
53,Aiko,35
54,Aileen,76
55,Ailene,60
56,Aimee,41
57,Aisha,19
58,Aja,16
59,Akiko,27
60,Akilah,36
61,Al,68
62,Alaina,94
63,Alaine,41
64,Alan,16
65,Alana,82
66,Alane,19
67,Alanna,23
68,Alayna,35
69,Alba,22
70,Albert,55
71,Alberta,9
72,Albertha,11
73,Albertina,77
74,Albertine,91
75,Alberto,88
76,Albina,62
77,Alda,58
78,Alden,63
79,Aldo,56
80,Alease,96
81,Alec,0
82,Alecia,19
83,Aleen,69
84,Aleida,78
85,Aleisha,80
86,Alejandra,77
87,Alejandrina,26
88,Alejandro,54
89,Alena,34
90,Alene,97
91,Alesha,41
92,Aleshia,30
93,Alesia,3
94,Alessandra,62
95,Aleta,87
96,Aletha,4
97,Alethea,39
98,Alethia,40
99,Alex,50
100,Alexa,44
101,Alexander,17
102,Alexandra,5
103,Alexandria,75
104,Alexia,45
105,Alexis,74
106,Alfonso,98
107,Alfonzo,80
108,Alfred,7
109,Alfreda,61
110,Alfredia,27
111,Alfredo,14
112,Ali,89
113,Alia,86
114,Alica,80
115,Alice,34
116,Alicia,87
117,Alida,50
118,Alina,18
119,Aline,68
120,Alisa,20
121,Alise,68
122,Alisha,26
123,Alishia,46
124,Alisia,47
125,Alison,3
126,Alissa,58
127,Alita,9
128,Alix,62
129,Aliza,80
130,Alla,84
131,Allan,75
132,Alleen,22
133,Allegra,8
134,Allen,90
135,Allena,69
136,Allene,21
137,Allie,40
138,Alline,61
139,Allison,70
140,Allyn,99
141,Allyson,43
142,Alma,85
143,Almeda,2
144,Almeta,10
145,Alona,96
146,Alonso,38
147,Alonzo,93
148,Alpha,57
149,Alphonse,46
150,Alphonso,61
151,Alta,48
152,Altagracia,78
153,Altha,39
154,Althea,51
155,Alton,66
156,Alva,23
157,Alvaro,51
158,Alvera,75
159,Alverta,5
160,Alvin,25
161,Alvina,43
162,Alyce,74
163,Alycia,39
164,Alysa,29
165,Alyse,44
166,Alysha,28
167,Alysia,56
168,Alyson,54
169,Alyssa,94
170,Amada,57
171,Amado,79
172,Amal,85
173,Amalia,18
174,Amanda,7
175,Amber,33
176,Amberly,23
177,Ambrose,58
178,Amee,48
179,Amelia,95
180,America,22
181,Ami,97
182,Amie,62
183,Amiee,44
184,Amina,79
185,Amira,62
186,Ammie,91
187,Amos,12
188,Amparo,39
189,Amy,69
190,An,20
191,Ana,37
192,Anabel,5
193,Analisa,37
194,Anamaria,19
195,Anastacia,62
196,Anastasia,67
197,Andera,81
198,Anderson,85
199,Andra,63
200,Andre,27
201,Andrea,99
202,Andreas,64
203,Andree,85
204,Andres,78
205,Andrew,66
206,Andria,66
207,Andy,60
208,Anette,60
209,Angel,18
210,Angela,62
211,Angele,92
212,Angelena,28
213,Angeles,34
214,Angelia,93
215,Angelic,82
216,Angelica,18
217,Angelika,90
218,Angelina,53
219,Angeline,22
220,Angelique,95
221,Angelita,5
222,Angella,84
223,Angelo,9
224,Angelyn,84
225,Angie,56
226,Angila,48
227,Angla,56
228,Angle,15
229,Anglea,36
230,Anh,33
231,Anibal,65
232,Anika,91
233,Anisa,90
234,Anisha,4
235,Anissa,6
236,Anita,18
237,Anitra,26
238,Anja,55
239,Anjanette,29
240,Anjelica,20
241,Ann,26
242,Anna,50
243,Annabel,39
244,Annabell,37
245,Annabelle,18
246,Annalee,62
247,Annalisa,88
248,Annamae,52
249,Annamaria,59
250,Annamarie,3
251,Anne,9
252,Anneliese,74
253,Annelle,12
254,Annemarie,34
255,Annett,54
256,Annetta,5
257,Annette,88
258,Annice,10
259,Annie,95
260,Annika,77
261,Annis,59
262,Annita,4
263,Annmarie,36
264,Anthony,59
265,Antione,69
266,Antionette,71
267,Antoine,57
268,Antoinette,11
269,Anton,51
270,Antone,20
271,Antonetta,27
272,Antonette,87
273,Antonia,89
274,Antonietta,49
275,Antonina,83
276,Antonio,15
277,Antony,28
278,Antwan,96
279,Anya,65
280,Apolonia,86
281,April,56
282,Apryl,65
283,Ara,40
284,Araceli,76
285,Aracelis,59
286,Aracely,50
287,Arcelia,84
288,Archie,94
289,Ardath,0
290,Ardelia,75
291,Ardell,22
292,Ardella,14
293,Ardelle,3
294,Arden,64
295,Ardis,15
296,Ardith,2
297,Aretha,53
298,Argelia,31
299,Argentina,54
300,Ariana,61
301,Ariane,24
302,Arianna,19
303,Arianne,61
304,Arica,63
305,Arie,41
306,Ariel,20
307,Arielle,55
308,Arla,82
309,Arlean,18
310,Arleen,7
311,Arlen,21
312,Arlena,71
313,Arlene,13
314,Arletha,51
315,Arletta,41
316,Arlette,69
317,Arlie,69
318,Arlinda,80
319,Arline,79
320,Arlyne,38
321,Armand,5
322,Armanda,59
323,Armandina,59
324,Armando,7
325,Armida,34
326,Arminda,20
327,Arnetta,20
328,Arnette,79
329,Arnita,61
330,Arnold,12
331,Arnoldo,57
332,Arnulfo,97
333,Aron,36
334,Arron,99
335,Art,80
336,Arthur,97
337,Artie,6
338,Arturo,65
339,Arvilla,37
340,Asa,67
341,Asha,81
342,Ashanti,52
343,Ashely,71
344,Ashlea,21
345,Ashlee,64
346,Ashleigh,68
347,Ashley,33
348,Ashli,10
349,Ashlie,74
350,Ashly,80
351,Ashlyn,97
352,Ashton,65
353,Asia,77
354,Asley,48
355,Assunta,86
356,Astrid,4
357,Asuncion,43
358,Athena,32
359,Aubrey,6
360,Audie,46
361,Audra,68
362,Audrea,41
363,Audrey,21
364,Audria,38
365,Audrie,10
366,Audry,70
367,August,49
368,Augusta,16
369,Augustina,28
370,Augustine,59
371,Augustus,86
372,Aundrea,20
373,Aura,53
374,Aurea,28
375,Aurelia,38
376,Aurelio,78
377,Aurora,65
378,Aurore,2
379,Austin,27
380,Autumn,29
381,Ava,99
382,Avelina,50
383,Avery,59
384,Avis,34
385,Avril,68
386,Awilda,42
387,Ayako,63
388,Ayana,83
389,Ayanna,30
390,Ayesha,5
391,Azalee,39
392,Azucena,83
393,Azzie,35
394,Babara,44
395,Babette,8
396,Bailey,15
397,Bambi,40
398,Bao,14
399,Barabara,93
400,Barb,65
401,Barbar,55
402,Barbara,80
403,Barbera,50
404,Barbie,85
405,Barbra,37
406,Bari,17
407,Barney,16
408,Barrett,26
409,Barrie,47
410,Barry,31
411,Bart,94
412,Barton,2
413,Basil,46
414,Basilia,51
415,Bea,53
416,Beata,45
417,Beatrice,66
418,Beatris,58
419,Beatriz,18
420,Beau,79
421,Beaulah,26
422,Bebe,40
423,Becki,1
424,Beckie,60
425,Becky,80
426,Bee,42
427,Belen,30
428,Belia,63
429,Belinda,87
430,Belkis,60
431,Bell,3
432,Bella,50
433,Belle,39
434,Belva,91
435,Ben,90
436,Benedict,40
437,Benita,49
438,Benito,52
439,Benjamin,5
440,Bennett,81
441,Bennie,27
442,Benny,21
443,Benton,91
444,Berenice,92
445,Berna,14
446,Bernadette,18
447,Bernadine,27
448,Bernard,99
449,Bernarda,65
450,Bernardina,22
451,Bernardine,80
452,Bernardo,47
453,Berneice,48
454,Bernetta,55
455,Bernice,88
456,Bernie,55
457,Berniece,18
458,Bernita,32
459,Berry,22
460,Bert,71
461,Berta,86
462,Bertha,6
463,Bertie,25
464,Bertram,79
465,Beryl,65
466,Bess,51
467,Bessie,52
468,Beth,31
469,Bethanie,66
470,Bethann,3
471,Bethany,50
472,Bethel,88
473,Betsey,81
474,Betsy,93
475,Bette,28
476,Bettie,25
477,Bettina,59
478,Betty,38
479,Bettyann,28
480,Bettye,97
481,Beula,97
482,Beulah,24
483,Bev,38
484,Beverlee,2
485,Beverley,21
486,Beverly,81
487,Bianca,70
488,Bibi,26
489,Bill,60
490,Billi,0
491,Billie,34
492,Billy,16
493,Billye,99
494,Birdie,99
495,Birgit,56
496,Blaine,37
497,Blair,19
498,Blake,69
499,Blanca,16
500,Blanch,76
501,Blanche,39
502,Blondell,7
503,Blossom,43
504,Blythe,6
505,Bo,4
506,Bob,28
507,Bobbi,70
508,Bobbie,46
509,Bobby,37
510,Bobbye,31
511,Bobette,35
512,Bok,24
513,Bong,71
514,Bonita,52
515,Bonnie,78
516,Bonny,80
517,Booker,91
518,Boris,1
519,Boyce,53
520,Boyd,19
521,Brad,12
522,Bradford,41
523,Bradley,59
524,Bradly,32
525,Brady,73
526,Brain,68
527,Branda,14
528,Brande,93
529,Brandee,3
530,Branden,5
531,Brandi,45
532,Brandie,93
533,Brandon,80
534,Brandy,44
535,Brant,59
536,Breana,68
537,Breann,49
538,Breanna,6
539,Breanne,46
540,Bree,21
541,Brenda,17
542,Brendan,39
543,Brendon,27
544,Brenna,11
545,Brent,10
546,Brenton,16
547,Bret,74
548,Brett,20
549,Brian,25
550,Briana,18
551,Brianna,4
552,Brianne,84
553,Brice,52
554,Bridget,27
555,Bridgett,74
556,Bridgette,54
557,Brigette,8
558,Brigid,11
559,Brigida,83
560,Brigitte,1
561,Brinda,70
562,Britany,50
563,Britney,87
564,Britni,65
565,Britt,92
566,Britta,45
567,Brittaney,72
568,Brittani,36
569,Brittanie,57
570,Brittany,79
571,Britteny,69
572,Brittney,90
573,Brittni,8
574,Brittny,27
575,Brock,72
576,Broderick,37
577,Bronwyn,18
578,Brook,76
579,Brooke,24
580,Brooks,62
581,Bruce,30
582,Bruna,75
583,Brunilda,84
584,Bruno,7
585,Bryan,73
586,Bryanna,84
587,Bryant,37
588,Bryce,90
589,Brynn,63
590,Bryon,3
591,Buck,1
592,Bud,35
593,Buddy,95
594,Buena,37
595,Buffy,73
596,Buford,65
597,Bula,24
598,Bulah,20
599,Bunny,4
600,Burl,30
601,Burma,77
602,Burt,53
603,Burton,21
604,Buster,13
605,Byron,53
606,Caitlin,47
607,Caitlyn,30
608,Calandra,94
609,Caleb,92
610,Calista,77
611,Callie,60
612,Calvin,96
613,Camelia,25
614,Camellia,6
615,Cameron,57
616,Cami,50
617,Camie,79
618,Camila,22
619,Camilla,60
620,Camille,93
621,Cammie,72
622,Cammy,16
623,Candace,94
624,Candance,92
625,Candelaria,71
626,Candi,28
627,Candice,39
628,Candida,45
629,Candie,68
630,Candis,97
631,Candra,88
632,Candy,17
633,Candyce,79
634,Caprice,13
635,Cara,63
636,Caren,74
637,Carey,55
638,Cari,13
639,Caridad,77
640,Carie,72
641,Carin,89
642,Carina,44
643,Carisa,46
644,Carissa,17
645,Carita,97
646,Carl,45
647,Carla,2
648,Carlee,88
649,Carleen,51
650,Carlena,25
651,Carlene,79
652,Carletta,14
653,Carley,99
654,Carli,91
655,Carlie,83
656,Carline,84
657,Carlita,34
658,Carlo,12
659,Carlos,68
660,Carlota,67
661,Carlotta,48
662,Carlton,58
663,Carly,38
664,Carlyn,32
665,Carma,38
666,Carman,1
667,Carmel,59
668,Carmela,88
669,Carmelia,17
670,Carmelina,23
671,Carmelita,41
672,Carmella,90
673,Carmelo,88
674,Carmen,71
675,Carmina,8
676,Carmine,98
677,Carmon,5
678,Carol,30
679,Carola,67
680,Carolann,22
681,Carole,63
682,Carolee,82
683,Carolin,13
684,Carolina,25
685,Caroline,38
686,Caroll,89
687,Carolyn,64
688,Carolyne,7
689,Carolynn,58
690,Caron,4
691,Caroyln,95
692,Carri,34
693,Carrie,88
694,Carrol,78
695,Carroll,80
696,Carry,76
697,Carson,3
698,Carter,75
699,Cary,30
700,Caryl,56
701,Carylon,84
702,Caryn,71
703,Casandra,67
704,Casey,77
705,Casie,38
706,Casimira,62
707,Cassandra,48
708,Cassaundra,96
709,Cassey,78
710,Cassi,70
711,Cassidy,75
712,Cassie,30
713,Cassondra,84
714,Cassy,91
715,Catalina,72
716,Catarina,10
717,Caterina,3
718,Catharine,17
719,Catherin,32
720,Catherina,54
721,Catherine,9
722,Cathern,92
723,Catheryn,55
724,Cathey,73
725,Cathi,77
726,Cathie,59
727,Cathleen,8
728,Cathrine,53
729,Cathryn,47
730,Cathy,86
731,Catina,89
732,Catrice,80
733,Catrina,68
734,Cayla,21
735,Cecelia,44
736,Cecil,50
737,Cecila,81
738,Cecile,37
739,Cecilia,1
740,Cecille,46
741,Cecily,15
742,Cedric,69
743,Cedrick,0
744,Celena,78
745,Celesta,75
746,Celeste,93
747,Celestina,20
748,Celestine,13
749,Celia,44
750,Celina,35
751,Celinda,2
752,Celine,51
753,Celsa,32
754,Ceola,73
755,Cesar,45
756,Chad,5
757,Chadwick,25
758,Chae,36
759,Chan,63
760,Chana,42
761,Chance,78
762,Chanda,55
763,Chandra,89
764,Chanel,16
765,Chanell,95
766,Chanelle,56
767,Chang,78
768,Chantal,24
769,Chantay,6
770,Chante,22
771,Chantel,99
772,Chantell,65
773,Chantelle,33
774,Chara,27
775,Charis,59
776,Charise,94
777,Charissa,61
778,Charisse,33
779,Charita,25
780,Charity,59
781,Charla,8
782,Charleen,44
783,Charlena,44
784,Charlene,93
785,Charles,1
786,Charlesetta,32
787,Charlette,66
788,Charley,70
789,Charlie,32
790,Charline,34
791,Charlott,86
792,Charlotte,55
793,Charlsie,25
794,Charlyn,61
795,Charmain,12
796,Charmaine,7
797,Charolette,1
798,Chas,51
799,Chase,26
800,Chasidy,19
801,Chasity,72
802,Chassidy,25
803,Chastity,44
804,Chau,33
805,Chauncey,73
806,Chaya,94
807,Chelsea,48
808,Chelsey,33
809,Chelsie,90
810,Cher,30
811,Chere,0
812,Cheree,82
813,Cherelle,15
814,Cheri,19
815,Cherie,63
816,Cherilyn,48
817,Cherise,64
818,Cherish,38
819,Cherly,89
820,Cherlyn,24
821,Cherri,99
822,Cherrie,80
823,Cherry,84
824,Cherryl,88
825,Chery,65
826,Cheryl,50
827,Cheryle,42
828,Cheryll,65
829,Chester,78
830,Chet,66
831,Cheyenne,86
832,Chi,66
833,Chia,52
834,Chieko,11
835,Chin,2
836,China,37
837,Ching,46
838,Chiquita,76
839,Chloe,44
840,Chong,15
841,Chris,65
842,Chrissy,73
843,Christa,47
844,Christal,88
845,Christeen,47
846,Christel,32
847,Christen,21
848,Christena,9
849,Christene,72
850,Christi,43
851,Christia,16
852,Christian,93
853,Christiana,44
854,Christiane,98
855,Christie,31
856,Christin,8
857,Christina,94
858,Christine,46
859,Christinia,52
860,Christoper,41
861,Christopher,19
862,Christy,87
863,Chrystal,79
864,Chu,72
865,Chuck,56
866,Chun,50
867,Chung,10
868,Ciara,15
869,Cicely,14
870,Ciera,72
871,Cierra,39
872,Cinda,41
873,Cinderella,12
874,Cindi,92
875,Cindie,64
876,Cindy,63
877,Cinthia,40
878,Cira,58
879,Clair,79
880,Claire,14
881,Clara,61
882,Clare,76
883,Clarence,29
884,Claretha,24
885,Claretta,24
886,Claribel,8
887,Clarice,16
888,Clarinda,52
889,Clarine,15
890,Claris,58
891,Clarisa,34
892,Clarissa,69
893,Clarita,86
894,Clark,91
895,Classie,34
896,Claud,51
897,Claude,60
898,Claudette,24
899,Claudia,40
900,Claudie,60
901,Claudine,92
902,Claudio,54
903,Clay,4
904,Clayton,83
905,Clelia,20
906,Clemencia,10
907,Clement,72
908,Clemente,44
909,Clementina,25
910,Clementine,53
911,Clemmie,38
912,Cleo,72
913,Cleopatra,78
914,Cleora,76
915,Cleotilde,74
916,Cleta,39
917,Cletus,96
918,Cleveland,31
919,Cliff,91
920,Clifford,16
921,Clifton,17
922,Clint,59
923,Clinton,13
924,Clora,90
925,Clorinda,64
926,Clotilde,73
927,Clyde,29
928,Codi,61
929,Cody,81
930,Colby,69
931,Cole,61
932,Coleen,84
933,Coleman,29
934,Colene,98
935,Coletta,12
936,Colette,67
937,Colin,92
938,Colleen,4
939,Collen,56
940,Collene,7
941,Collette,95
942,Collin,64
943,Colton,8
944,Columbus,51
945,Concepcion,20
946,Conception,94
947,Concetta,78
948,Concha,9
949,Conchita,50
950,Connie,9
951,Conrad,11
952,Constance,28
953,Consuela,18
954,Consuelo,25
955,Contessa,53
956,Cora,71
957,Coral,56
958,Coralee,32
959,Coralie,44
960,Corazon,80
961,Cordelia,52
962,Cordell,0
963,Cordia,91
964,Cordie,17
965,Coreen,36
966,Corene,35
967,Coretta,10
968,Corey,54
969,Cori,27
970,Corie,61
971,Corina,45
972,Corine,32
973,Corinna,67
974,Corinne,92
975,Corliss,34
976,Cornelia,74
977,Cornelius,93
978,Cornell,79
979,Corrie,77
980,Corrin,32
981,Corrina,12
982,Corrine,12
983,Corrinne,77
984,Cortez,81
985,Cortney,88
986,Cory,47
987,Courtney,64
988,Coy,25
989,Craig,42
990,Creola,26
991,Cris,84
992,Criselda,28
993,Crissy,2
994,Crista,39
995,Cristal,41
996,Cristen,28
997,Cristi,36
998,Cristie,81
999,Cristin,55
1000,Cristina,93
1001,Cristine,47
1002,Cristobal,25
1003,Cristopher,61
1004,Cristy,19
1005,Cruz,84
1006,Crysta,37
1007,Crystal,79
1008,Crystle,10
1009,Cuc,53
1010,Curt,96
1011,Curtis,33
1012,Cyndi,88
1013,Cyndy,35
1014,Cynthia,48
1015,Cyril,39
1016,Cyrstal,18
1017,Cyrus,73
1018,Cythia,50
1019,Dacia,20
1020,Dagmar,72
1021,Dagny,83
1022,Dahlia,71
1023,Daina,13
1024,Daine,41
1025,Daisey,51
1026,Daisy,95
1027,Dakota,99
1028,Dale,95
1029,Dalene,48
1030,Dalia,73
1031,Dalila,57
1032,Dallas,64
1033,Dalton,22
1034,Damaris,55
1035,Damian,98
1036,Damien,21
1037,Damion,17
1038,Damon,10
1039,Dan,20
1040,Dana,82
1041,Danae,81
1042,Dane,59
1043,Danelle,7
1044,Danette,12
1045,Dani,73
1046,Dania,87
1047,Danial,33
1048,Danica,86
1049,Daniel,95
1050,Daniela,17
1051,Daniele,3
1052,Daniell,22
1053,Daniella,78
1054,Danielle,58
1055,Danika,22
1056,Danille,45
1057,Danilo,50
1058,Danita,37
1059,Dann,24
1060,Danna,0
1061,Dannette,54
1062,Dannie,94
1063,Dannielle,48
1064,Danny,74
1065,Dante,66
1066,Danuta,93
1067,Danyel,92
1068,Danyell,83
1069,Danyelle,2
1070,Daphine,83
1071,Daphne,32
1072,Dara,39
1073,Darby,76
1074,Darcel,20
1075,Darcey,82
1076,Darci,25
1077,Darcie,40
1078,Darcy,89
1079,Darell,48
1080,Daren,15
1081,Daria,82
1082,Darin,67
1083,Dario,40
1084,Darius,35
1085,Darla,11
1086,Darleen,20
1087,Darlena,74
1088,Darlene,43
1089,Darline,45
1090,Darnell,53
1091,Daron,52
1092,Darrel,2
1093,Darrell,97
1094,Darren,9
1095,Darrick,48
1096,Darrin,57
1097,Darron,75
1098,Darryl,14
1099,Darwin,6
1100,Daryl,21
1101,Dave,1
1102,David,49
1103,Davida,75
1104,Davina,87
1105,Davis,19
1106,Dawn,48
1107,Dawna,51
1108,Dawne,49
1109,Dayle,54
1110,Dayna,29
1111,Daysi,83
1112,Deadra,88
1113,Dean,32
1114,Deana,30
1115,Deandra,60
1116,Deandre,80
1117,Deandrea,56
1118,Deane,18
1119,Deangelo,2
1120,Deann,36
1121,Deanna,33
1122,Deanne,96
1123,Deb,17
1124,Debbi,95
1125,Debbie,40
1126,Debbra,77
1127,Debby,80
1128,Debera,24
1129,Debi,20
1130,Debora,26
1131,Deborah,9
1132,Debra,13
1133,Debrah,39
1134,Debroah,53
1135,Dede,58
1136,Dedra,80
1137,Dee,59
1138,Deeann,27
1139,Deeanna,58
1140,Deedee,15
1141,Deedra,88
1142,Deena,43
1143,Deetta,92
1144,Deidra,32
1145,Deidre,33
1146,Deirdre,31
1147,Deja,27
1148,Del,87
1149,Delaine,57
1150,Delana,76
1151,Delbert,58
1152,Delcie,31
1153,Delena,74
1154,Delfina,69
1155,Delia,4
1156,Delicia,88
1157,Delila,92
1158,Delilah,57
1159,Delinda,72
1160,Delisa,36
1161,Dell,40
1162,Della,40
1163,Delma,55
1164,Delmar,43
1165,Delmer,51
1166,Delmy,9
1167,Delois,94
1168,Deloise,40
1169,Delora,3
1170,Deloras,59
1171,Delores,13
1172,Deloris,17
1173,Delorse,87
1174,Delpha,48
1175,Delphia,34
1176,Delphine,15
1177,Delsie,94
1178,Delta,82
1179,Demarcus,1
1180,Demetra,87
1181,Demetria,97
1182,Demetrice,34
1183,Demetrius,15
1184,Dena,89
1185,Denae,70
1186,Deneen,15
1187,Denese,73
1188,Denice,79
1189,Denis,1
1190,Denise,44
1191,Denisha,48
1192,Denisse,42
1193,Denita,31
1194,Denna,8
1195,Dennis,53
1196,Dennise,84
1197,Denny,79
1198,Denver,73
1199,Denyse,41
1200,Deon,18
1201,Deonna,23
1202,Derek,39
1203,Derick,20
1204,Derrick,30
1205,Deshawn,40
1206,Desirae,81
1207,Desire,72
1208,Desiree,17
1209,Desmond,52
1210,Despina,15
1211,Dessie,27
1212,Destiny,47
1213,Detra,64
1214,Devin,80
1215,Devon,97
1216,Devona,59
1217,Devora,95
1218,Devorah,88
1219,Dewayne,39
1220,Dewey,60
1221,Dewitt,47
1222,Dexter,76
1223,Dia,85
1224,Diamond,83
1225,Dian,44
1226,Diana,84
1227,Diane,65
1228,Diann,37
1229,Dianna,96
1230,Dianne,68
1231,Dick,27
1232,Diedra,74
1233,Diedre,52
1234,Diego,40
1235,Dierdre,38
1236,Digna,21
1237,Dillon,85
1238,Dimple,55
1239,Dina,34
1240,Dinah,7
1241,Dino,1
1242,Dinorah,9
1243,Dion,85
1244,Dione,64
1245,Dionna,4
1246,Dionne,94
1247,Dirk,1
1248,Divina,1
1249,Dixie,7
1250,Dodie,3
1251,Dollie,55
1252,Dolly,9
1253,Dolores,39
1254,Doloris,20
1255,Domenic,37
1256,Domenica,99
1257,Dominga,0
1258,Domingo,99
1259,Dominic,13
1260,Dominica,33
1261,Dominick,41
1262,Dominique,78
1263,Dominque,13
1264,Domitila,30
1265,Domonique,60
1266,Don,10
1267,Dona,29
1268,Donald,61
1269,Donella,1
1270,Donetta,79
1271,Donette,66
1272,Dong,27
1273,Donita,30
1274,Donn,5
1275,Donna,0
1276,Donnell,37
1277,Donnetta,87
1278,Donnette,61
1279,Donnie,68
1280,Donny,5
1281,Donovan,60
1282,Donte,0
1283,Donya,89
1284,Dora,86
1285,Dorathy,11
1286,Dorcas,78
1287,Doreatha,64
1288,Doreen,47
1289,Dorene,75
1290,Doretha,40
1291,Dorethea,48
1292,Doretta,91
1293,Dori,79
1294,Doria,4
1295,Dorian,96
1296,Dorie,75
1297,Dorinda,97
1298,Dorine,61
1299,Doris,90
1300,Dorla,87
1301,Dorotha,53
1302,Dorothea,89
1303,Dorothy,40
1304,Dorris,41
1305,Dorsey,45
1306,Dortha,55
1307,Dorthea,47
1308,Dorthey,2
1309,Dorthy,6
1310,Dot,3
1311,Dottie,11
1312,Dotty,39
1313,Doug,89
1314,Douglas,93
1315,Douglass,55
1316,Dovie,95
1317,Doyle,20
1318,Dreama,9
1319,Drema,68
1320,Drew,5
1321,Drucilla,63
1322,Drusilla,72
1323,Duane,3
1324,Dudley,18
1325,Dulce,82
1326,Dulcie,73
1327,Duncan,22
1328,Dung,82
1329,Dusti,51
1330,Dustin,43
1331,Dusty,90
1332,Dwain,75
1333,Dwana,96
1334,Dwayne,15
1335,Dwight,7
1336,Dyan,54
1337,Dylan,19
1338,Earl,55
1339,Earle,25
1340,Earlean,14
1341,Earleen,78
1342,Earlene,30
1343,Earlie,25
1344,Earline,2
1345,Earnest,29
1346,Earnestine,11
1347,Eartha,40
1348,Easter,53
1349,Eboni,77
1350,Ebonie,74
1351,Ebony,94
1352,Echo,84
1353,Ed,38
1354,Eda,49
1355,Edda,16
1356,Eddie,35
1357,Eddy,96
1358,Edelmira,15
1359,Eden,74
1360,Edgar,59
1361,Edgardo,60
1362,Edie,3
1363,Edison,23
1364,Edith,16
1365,Edmond,78
1366,Edmund,57
1367,Edmundo,45
1368,Edna,29
1369,Edra,47
1370,Edris,79
1371,Eduardo,12
1372,Edward,6
1373,Edwardo,81
1374,Edwin,24
1375,Edwina,83
1376,Edyth,49
1377,Edythe,71
1378,Effie,71
1379,Efrain,80
1380,Efren,55
1381,Ehtel,6
1382,Eileen,38
1383,Eilene,86
1384,Ela,59
1385,Eladia,65
1386,Elaina,84
1387,Elaine,19
1388,Elana,61
1389,Elane,34
1390,Elanor,13
1391,Elayne,71
1392,Elba,47
1393,Elbert,60
1394,Elda,25
1395,Elden,63
1396,Eldon,76
1397,Eldora,22
1398,Eldridge,84
1399,Eleanor,66
1400,Eleanora,11
1401,Eleanore,82
1402,Elease,24
1403,Elena,15
1404,Elene,31
1405,Eleni,71
1406,Elenor,25
1407,Elenora,77
1408,Elenore,33
1409,Eleonor,6
1410,Eleonora,56
1411,Eleonore,16
1412,Elfreda,18
1413,Elfrieda,94
1414,Elfriede,28
1415,Eli,40
1416,Elia,43
1417,Eliana,16
1418,Elias,16
1419,Elicia,13
1420,Elida,95
1421,Elidia,46
1422,Elijah,97
1423,Elin,7
1424,Elina,43
1425,Elinor,93
1426,Elinore,63
1427,Elisa,0
1428,Elisabeth,40
1429,Elise,16
1430,Eliseo,93
1431,Elisha,75
1432,Elissa,89
1433,Eliz,18
1434,Eliza,46
1435,Elizabet,48
1436,Elizabeth,3
1437,Elizbeth,70
1438,Elizebeth,36
1439,Elke,41
1440,Ella,72
1441,Ellamae,88
1442,Ellan,7
1443,Ellen,8
1444,Ellena,74
1445,Elli,63
1446,Ellie,19
1447,Elliot,73
1448,Elliott,77
1449,Ellis,86
1450,Ellsworth,69
1451,Elly,49
1452,Ellyn,8
1453,Elma,63
1454,Elmer,5
1455,Elmira,10
1456,Elmo,81
1457,Elna,22
1458,Elnora,78
1459,Elodia,75
1460,Elois,52
1461,Eloisa,41
1462,Eloise,9
1463,Elouise,16
1464,Eloy,7
1465,Elroy,55
1466,Elsa,16
1467,Else,25
1468,Elsie,1
1469,Elsy,58
1470,Elton,56
1471,Elva,49
1472,Elvera,17
1473,Elvia,88
1474,Elvie,86
1475,Elvin,84
1476,Elvina,45
1477,Elvira,45
1478,Elvis,65
1479,Elwanda,67
1480,Elwood,82
1481,Elyse,28
1482,Elza,57
1483,Ema,95
1484,Emanuel,74
1485,Emelda,52
1486,Emelia,31
1487,Emelina,69
1488,Emeline,99
1489,Emely,53
1490,Emerald,81
1491,Emerita,18
1492,Emerson,12
1493,Emery,36
1494,Emiko,53
1495,Emil,8
1496,Emile,41
1497,Emilee,16
1498,Emilia,17
1499,Emilie,46
1500,Emilio,52
1501,Emily,62
1502,Emma,29
1503,Emmaline,45
1504,Emmanuel,54
1505,Emmett,52
1506,Emmie,48
1507,Emmitt,10
1508,Emmy,83
1509,Emogene,34
1510,Emory,25
1511,Ena,21
1512,Enda,67
1513,Enedina,94
1514,Eneida,50
1515,Enid,60
1516,Enoch,67
1517,Enola,71
1518,Enrique,13
1519,Enriqueta,38
1520,Epifania,99
1521,Era,61
1522,Erasmo,49
1523,Eric,0
1524,Erica,45
1525,Erich,85
1526,Erick,25
1527,Ericka,36
1528,Erik,78
1529,Erika,24
1530,Erin,82
1531,Erinn,31
1532,Erlene,68
1533,Erlinda,73
1534,Erline,10
1535,Erma,21
1536,Ermelinda,13
1537,Erminia,66
1538,Erna,85
1539,Ernest,32
1540,Ernestina,95
1541,Ernestine,83
1542,Ernesto,36
1543,Ernie,93
1544,Errol,18
1545,Ervin,26
1546,Erwin,73
1547,Eryn,58
1548,Esmeralda,12
1549,Esperanza,50
1550,Essie,7
1551,Esta,9
1552,Esteban,48
1553,Estefana,41
1554,Estela,20
1555,Estell,93
1556,Estella,15
1557,Estelle,74
1558,Ester,27
1559,Esther,63
1560,Estrella,56
1561,Etha,39
1562,Ethan,34
1563,Ethel,16
1564,Ethelene,20
1565,Ethelyn,25
1566,Ethyl,37
1567,Etsuko,35
1568,Etta,45
1569,Ettie,33
1570,Eufemia,15
1571,Eugena,67
1572,Eugene,0
1573,Eugenia,97
1574,Eugenie,94
1575,Eugenio,57
1576,Eula,12
1577,Eulah,80
1578,Eulalia,75
1579,Eun,41
1580,Euna,80
1581,Eunice,99
1582,Eura,51
1583,Eusebia,33
1584,Eusebio,22
1585,Eustolia,46
1586,Eva,13
1587,Evalyn,3
1588,Evan,75
1589,Evangelina,6
1590,Evangeline,20
1591,Eve,35
1592,Evelia,76
1593,Evelin,8
1594,Evelina,21
1595,Eveline,73
1596,Evelyn,64
1597,Evelyne,1
1598,Evelynn,23
1599,Everett,42
1600,Everette,49
1601,Evette,8
1602,Evia,80
1603,Evie,79
1604,Evita,36
1605,Evon,61
1606,Evonne,42
1607,Ewa,72
1608,Exie,67
1609,Ezekiel,50
1610,Ezequiel,77
1611,Ezra,63
1612,Fabian,28
1613,Fabiola,78
1614,Fae,41
1615,Fairy,91
1616,Faith,70
1617,Fallon,65
1618,Fannie,47
1619,Fanny,86
1620,Farah,47
1621,Farrah,75
1622,Fatima,31
1623,Fatimah,49
1624,Faustina,7
1625,Faustino,70
1626,Fausto,5
1627,Faviola,97
1628,Fawn,7
1629,Fay,90
1630,Faye,47
1631,Fe,27
1632,Federico,62
1633,Felecia,93
1634,Felica,42
1635,Felice,1
1636,Felicia,21
1637,Felicidad,48
1638,Felicita,11
1639,Felicitas,75
1640,Felipa,50
1641,Felipe,68
1642,Felisa,93
1643,Felisha,64
1644,Felix,76
1645,Felton,89
1646,Ferdinand,95
1647,Fermin,7
1648,Fermina,30
1649,Fern,41
1650,Fernanda,37
1651,Fernande,16
1652,Fernando,63
1653,Ferne,59
1654,Fidel,73
1655,Fidela,40
1656,Fidelia,68
1657,Filiberto,49
1658,Filomena,22
1659,Fiona,31
1660,Flavia,1
1661,Fleta,67
1662,Fletcher,10
1663,Flo,55
1664,Flor,15
1665,Flora,53
1666,Florance,86
1667,Florence,89
1668,Florencia,79
1669,Florencio,24
1670,Florene,9
1671,Florentina,66
1672,Florentino,71
1673,Floretta,66
1674,Floria,16
1675,Florida,51
1676,Florinda,35
1677,Florine,19
1678,Florrie,58
1679,Flossie,75
1680,Floy,53
1681,Floyd,19
1682,Fonda,4
1683,Forest,90
1684,Forrest,42
1685,Foster,7
1686,Fran,66
1687,France,16
1688,Francene,7
1689,Frances,83
1690,Francesca,23
1691,Francesco,26
1692,Franchesca,38
1693,Francie,52
1694,Francina,17
1695,Francine,15
1696,Francis,89
1697,Francisca,16
1698,Francisco,59
1699,Francoise,85
1700,Frank,50
1701,Frankie,30
1702,Franklin,41
1703,Franklyn,69
1704,Fransisca,34
1705,Fred,45
1706,Freda,10
1707,Fredda,50
1708,Freddie,52
1709,Freddy,86
1710,Frederic,42
1711,Frederica,61
1712,Frederick,51
1713,Fredericka,68
1714,Fredia,9
1715,Fredric,50
1716,Fredrick,98
1717,Fredricka,28
1718,Freeda,33
1719,Freeman,57
1720,Freida,10
1721,Frida,93
1722,Frieda,92
1723,Fritz,6
1724,Fumiko,64
1725,Gabriel,69
1726,Gabriela,93
1727,Gabriele,71
1728,Gabriella,48
1729,Gabrielle,4
1730,Gail,90
1731,Gala,96
1732,Gale,61
1733,Galen,97
1734,Galina,22
1735,Garfield,92
1736,Garland,0
1737,Garnet,86
1738,Garnett,22
1739,Garret,29
1740,Garrett,30
1741,Garry,78
1742,Garth,52
1743,Gary,42
1744,Gaston,27
1745,Gavin,13
1746,Gay,57
1747,Gaye,58
1748,Gayla,52
1749,Gayle,22
1750,Gaylene,96
1751,Gaylord,81
1752,Gaynell,59
1753,Gaynelle,70
1754,Gearldine,54
1755,Gema,66
1756,Gemma,20
1757,Gena,94
1758,Genaro,74
1759,Gene,93
1760,Genesis,33
1761,Geneva,76
1762,Genevie,17
1763,Genevieve,59
1764,Genevive,86
1765,Genia,54
1766,Genie,69
1767,Genna,89
1768,Gennie,23
1769,Genny,41
1770,Genoveva,93
1771,Geoffrey,56
1772,Georgann,56
1773,George,22
1774,Georgeann,69
1775,Georgeanna,21
1776,Georgene,61
1777,Georgetta,78
1778,Georgette,40
1779,Georgia,93
1780,Georgiana,93
1781,Georgiann,96
1782,Georgianna,89
1783,Georgianne,67
1784,Georgie,77
1785,Georgina,60
1786,Georgine,45
1787,Gerald,39
1788,Geraldine,30
1789,Geraldo,94
1790,Geralyn,98
1791,Gerard,64
1792,Gerardo,30
1793,Gerda,39
1794,Geri,12
1795,Germaine,26
1796,German,90
1797,Gerri,81
1798,Gerry,21
1799,Gertha,44
1800,Gertie,4
1801,Gertrud,29
1802,Gertrude,52
1803,Gertrudis,88
1804,Gertude,78
1805,Ghislaine,30
1806,Gia,83
1807,Gianna,98
1808,Gidget,98
1809,Gigi,47
1810,Gil,97
1811,Gilbert,90
1812,Gilberte,13
1813,Gilberto,63
1814,Gilda,71
1815,Gillian,28
1816,Gilma,99
1817,Gina,68
1818,Ginette,51
1819,Ginger,71
1820,Ginny,71
1821,Gino,0
1822,Giovanna,95
1823,Giovanni,11
1824,Gisela,67
1825,Gisele,28
1826,Giselle,3
1827,Gita,50
1828,Giuseppe,70
1829,Giuseppina,92
1830,Gladis,49
1831,Glady,70
1832,Gladys,50
1833,Glayds,35
1834,Glen,10
1835,Glenda,47
1836,Glendora,72
1837,Glenn,51
1838,Glenna,74
1839,Glennie,35
1840,Glennis,8
1841,Glinda,0
1842,Gloria,14
1843,Glory,41
1844,Glynda,44
1845,Glynis,10
1846,Golda,56
1847,Golden,99
1848,Goldie,72
1849,Gonzalo,76
1850,Gordon,16
1851,Grace,31
1852,Gracia,17
1853,Gracie,26
1854,Graciela,34
1855,Grady,91
1856,Graham,26
1857,Graig,68
1858,Grant,82
1859,Granville,87
1860,Grayce,17
1861,Grazyna,94
1862,Greg,96
1863,Gregg,17
1864,Gregoria,49
1865,Gregorio,21
1866,Gregory,98
1867,Greta,50
1868,Gretchen,77
1869,Gretta,32
1870,Gricelda,66
1871,Grisel,2
1872,Griselda,61
1873,Grover,26
1874,Guadalupe,77
1875,Gudrun,15
1876,Guillermina,46
1877,Guillermo,37
1878,Gus,71
1879,Gussie,78
1880,Gustavo,46
1881,Guy,87
1882,Gwen,84
1883,Gwenda,82
1884,Gwendolyn,81
1885,Gwenn,8
1886,Gwyn,16
1887,Gwyneth,89
1888,Ha,14
1889,Hae,14
1890,Hai,42
1891,Hailey,91
1892,Hal,8
1893,Haley,53
1894,Halina,34
1895,Halley,87
1896,Hallie,32
1897,Han,11
1898,Hana,41
1899,Hang,83
1900,Hanh,32
1901,Hank,64
1902,Hanna,63
1903,Hannah,71
1904,Hannelore,36
1905,Hans,78
1906,Harlan,93
1907,Harland,33
1908,Harley,84
1909,Harmony,51
1910,Harold,12
1911,Harriet,9
1912,Harriett,57
1913,Harriette,74
1914,Harris,44
1915,Harrison,47
1916,Harry,52
1917,Harvey,77
1918,Hassan,23
1919,Hassie,84
1920,Hattie,18
1921,Haydee,13
1922,Hayden,28
1923,Hayley,0
1924,Haywood,61
1925,Hazel,9
1926,Heath,35
1927,Heather,79
1928,Hector,5
1929,Hedwig,51
1930,Hedy,39
1931,Hee,18
1932,Heide,58
1933,Heidi,31
1934,Heidy,47
1935,Heike,92
1936,Helaine,80
1937,Helen,85
1938,Helena,58
1939,Helene,6
1940,Helga,54
1941,Hellen,89
1942,Henrietta,60
1943,Henriette,89
1944,Henry,62
1945,Herb,65
1946,Herbert,36
1947,Heriberto,98
1948,Herlinda,99
1949,Herma,60
1950,Herman,44
1951,Hermelinda,73
1952,Hermila,49
1953,Hermina,52
1954,Hermine,81
1955,Herminia,95
1956,Herschel,64
1957,Hershel,67
1958,Herta,63
1959,Hertha,51
1960,Hester,70
1961,Hettie,73
1962,Hiedi,16
1963,Hien,39
1964,Hilaria,89
1965,Hilario,12
1966,Hilary,14
1967,Hilda,77
1968,Hilde,18
1969,Hildegard,0
1970,Hildegarde,45
1971,Hildred,20
1972,Hillary,34
1973,Hilma,21
1974,Hilton,41
1975,Hipolito,82
1976,Hiram,61
1977,Hiroko,1
1978,Hisako,38
1979,Hoa,4
1980,Hobert,36
1981,Holley,50
1982,Holli,30
1983,Hollie,52
1984,Hollis,18
1985,Holly,14
1986,Homer,0
1987,Honey,65
1988,Hong,21
1989,Hope,85
1990,Horace,0
1991,Horacio,70
1992,Hortencia,31
1993,Hortense,98
1994,Hortensia,98
1995,Hosea,9
1996,Houston,32
1997,Howard,74
1998,Hoyt,69
1999,Hsiu,79
2000,Hubert,87
2001,Hue,88
2002,Huey,54
2003,Hugh,5
2004,Hugo,77
2005,Hui,2
2006,Hulda,60
2007,Humberto,0
2008,Hung,11
2009,Hunter,92
2010,Huong,82
2011,Hwa,74
2012,Hyacinth,44
2013,Hye,27
2014,Hyman,33
2015,Hyo,10
2016,Hyon,4
2017,Hyun,68
2018,Ian,83
2019,Ida,38
2020,Idalia,9
2021,Idell,80
2022,Idella,20
2023,Iesha,48
2024,Ignacia,34
2025,Ignacio,7
2026,Ike,84
2027,Ila,57
2028,Ilana,46
2029,Ilda,49
2030,Ileana,75
2031,Ileen,70
2032,Ilene,27
2033,Iliana,35
2034,Illa,71
2035,Ilona,43
2036,Ilse,66
2037,Iluminada,11
2038,Ima,73
2039,Imelda,56
2040,Imogene,69
2041,In,73
2042,Ina,99
2043,India,15
2044,Indira,88
2045,Inell,34
2046,Ines,17
2047,Inez,39
2048,Inga,43
2049,Inge,27
2050,Ingeborg,24
2051,Inger,13
2052,Ingrid,83
2053,Inocencia,18
2054,Iola,9
2055,Iona,38
2056,Ione,44
2057,Ira,72
2058,Iraida,11
2059,Irena,46
2060,Irene,88
2061,Irina,72
2062,Iris,46
2063,Irish,99
2064,Irma,99
2065,Irmgard,70
2066,Irvin,88
2067,Irving,5
2068,Irwin,87
2069,Isa,40
2070,Isaac,34
2071,Isabel,50
2072,Isabell,33
2073,Isabella,81
2074,Isabelle,72
2075,Isadora,16
2076,Isaiah,59
2077,Isaias,84
2078,Isaura,59
2079,Isela,6
2080,Isiah,35
2081,Isidra,86
2082,Isidro,66
2083,Isis,40
2084,Ismael,50
2085,Isobel,83
2086,Israel,46
2087,Isreal,31
2088,Issac,25
2089,Iva,46
2090,Ivan,48
2091,Ivana,37
2092,Ivelisse,49
2093,Ivette,28
2094,Ivey,69
2095,Ivonne,33
2096,Ivory,0
2097,Ivy,85
2098,Izetta,49
2099,Izola,31
2100,Ja,42
2101,Jacalyn,80
2102,Jacelyn,6
2103,Jacinda,36
2104,Jacinta,86
2105,Jacinto,2
2106,Jack,24
2107,Jackeline,0
2108,Jackelyn,31
2109,Jacki,48
2110,Jackie,81
2111,Jacklyn,56
2112,Jackqueline,39
2113,Jackson,61
2114,Jaclyn,99
2115,Jacob,48
2116,Jacqualine,34
2117,Jacque,10
2118,Jacquelin,27
2119,Jacqueline,48
2120,Jacquelyn,62
2121,Jacquelyne,8
2122,Jacquelynn,54
2123,Jacques,15
2124,Jacquetta,11
2125,Jacqui,65
2126,Jacquie,25
2127,Jacquiline,42
2128,Jacquline,84
2129,Jacqulyn,73
2130,Jada,75
2131,Jade,69
2132,Jadwiga,27
2133,Jae,63
2134,Jaime,69
2135,Jaimee,75
2136,Jaimie,1
2137,Jake,79
2138,Jaleesa,92
2139,Jalisa,28
2140,Jama,77
2141,Jamaal,74
2142,Jamal,93
2143,Jamar,74
2144,Jame,62
2145,Jamee,45
2146,Jamel,52
2147,James,42
2148,Jamey,92
2149,Jami,42
2150,Jamie,96
2151,Jamika,9
2152,Jamila,16
2153,Jamison,70
2154,Jammie,90
2155,Jan,15
2156,Jana,14
2157,Janae,29
2158,Janay,70
2159,Jane,59
2160,Janean,16
2161,Janee,2
2162,Janeen,50
2163,Janel,47
2164,Janell,62
2165,Janella,89
2166,Janelle,80
2167,Janene,52
2168,Janessa,65
2169,Janet,69
2170,Janeth,9
2171,Janett,52
2172,Janetta,2
2173,Janette,4
2174,Janey,46
2175,Jani,19
2176,Janice,48
2177,Janie,9
2178,Janiece,10
2179,Janina,90
2180,Janine,74
2181,Janis,48
2182,Janise,85
2183,Janita,60
2184,Jann,19
2185,Janna,1
2186,Jannet,99
2187,Jannette,49
2188,Jannie,52
2189,January,28
2190,Janyce,57
2191,Jaqueline,69
2192,Jaquelyn,60
2193,Jared,14
2194,Jarod,31
2195,Jarred,44
2196,Jarrett,99
2197,Jarrod,77
2198,Jarvis,82
2199,Jasmin,69
2200,Jasmine,13
2201,Jason,43
2202,Jasper,5
2203,Jaunita,9
2204,Javier,39
2205,Jay,3
2206,Jaye,34
2207,Jayme,72
2208,Jaymie,1
2209,Jayna,9
2210,Jayne,99
2211,Jayson,60
2212,Jazmin,18
2213,Jazmine,29
2214,Jc,28
2215,Jean,54
2216,Jeana,4
2217,Jeane,42
2218,Jeanelle,57
2219,Jeanene,16
2220,Jeanett,77
2221,Jeanetta,47
2222,Jeanette,98
2223,Jeanice,86
2224,Jeanie,47
2225,Jeanine,17
2226,Jeanmarie,26
2227,Jeanna,92
2228,Jeanne,67
2229,Jeannetta,33
2230,Jeannette,67
2231,Jeannie,98
2232,Jeannine,22
2233,Jed,54
2234,Jeff,93
2235,Jefferey,2
2236,Jefferson,96
2237,Jeffery,33
2238,Jeffie,65
2239,Jeffrey,55
2240,Jeffry,86
2241,Jen,71
2242,Jena,65
2243,Jenae,93
2244,Jene,75
2245,Jenee,99
2246,Jenell,91
2247,Jenelle,68
2248,Jenette,87
2249,Jeneva,97
2250,Jeni,66
2251,Jenice,62
2252,Jenifer,89
2253,Jeniffer,91
2254,Jenine,0
2255,Jenise,31
2256,Jenna,16
2257,Jennefer,50
2258,Jennell,28
2259,Jennette,50
2260,Jenni,67
2261,Jennie,25
2262,Jennifer,20
2263,Jenniffer,63
2264,Jennine,22
2265,Jenny,71
2266,Jerald,23
2267,Jeraldine,95
2268,Jeramy,86
2269,Jere,33
2270,Jeremiah,45
2271,Jeremy,17
2272,Jeri,4
2273,Jerica,29
2274,Jerilyn,28
2275,Jerlene,20
2276,Jermaine,79
2277,Jerold,65
2278,Jerome,33
2279,Jeromy,43
2280,Jerrell,6
2281,Jerri,74
2282,Jerrica,67
2283,Jerrie,27
2284,Jerrod,36
2285,Jerrold,54
2286,Jerry,79
2287,Jesenia,52
2288,Jesica,65
2289,Jess,98
2290,Jesse,22
2291,Jessenia,73
2292,Jessi,39
2293,Jessia,36
2294,Jessica,37
2295,Jessie,82
2296,Jessika,16
2297,Jestine,7
2298,Jesus,78
2299,Jesusa,12
2300,Jesusita,49
2301,Jetta,31
2302,Jettie,16
2303,Jewel,87
2304,Jewell,29
2305,Ji,54
2306,Jill,16
2307,Jillian,11
2308,Jim,24
2309,Jimmie,36
2310,Jimmy,62
2311,Jin,58
2312,Jina,64
2313,Jinny,49
2314,Jo,71
2315,Joan,6
2316,Joana,21
2317,Joane,88
2318,Joanie,95
2319,Joann,92
2320,Joanna,28
2321,Joanne,2
2322,Joannie,23
2323,Joaquin,27
2324,Joaquina,84
2325,Jocelyn,38
2326,Jodee,91
2327,Jodi,31
2328,Jodie,80
2329,Jody,55
2330,Joe,51
2331,Joeann,56
2332,Joel,95
2333,Joella,40
2334,Joelle,29
2335,Joellen,73
2336,Joesph,4
2337,Joetta,58
2338,Joette,16
2339,Joey,45
2340,Johana,70
2341,Johanna,32
2342,Johanne,29
2343,John,22
2344,Johna,44
2345,Johnathan,9
2346,Johnathon,16
2347,Johnetta,76
2348,Johnette,92
2349,Johnie,76
2350,Johnna,18
2351,Johnnie,68
2352,Johnny,55
2353,Johnsie,12
2354,Johnson,67
2355,Joi,51
2356,Joie,86
2357,Jolanda,80
2358,Joleen,32
2359,Jolene,35
2360,Jolie,41
2361,Joline,78
2362,Jolyn,76
2363,Jolynn,47
2364,Jon,48
2365,Jona,79
2366,Jonah,80
2367,Jonas,15
2368,Jonathan,82
2369,Jonathon,58
2370,Jone,96
2371,Jonell,23
2372,Jonelle,54
2373,Jong,62
2374,Joni,39
2375,Jonie,57
2376,Jonna,36
2377,Jonnie,14
2378,Jordan,4
2379,Jordon,53
2380,Jorge,26
2381,Jose,29
2382,Josef,79
2383,Josefa,73
2384,Josefina,34
2385,Josefine,38
2386,Joselyn,79
2387,Joseph,83
2388,Josephina,21
2389,Josephine,41
2390,Josette,64
2391,Josh,35
2392,Joshua,86
2393,Josiah,43
2394,Josie,47
2395,Joslyn,96
2396,Jospeh,34
2397,Josphine,84
2398,Josue,12
2399,Jovan,34
2400,Jovita,83
2401,Joy,53
2402,Joya,66
2403,Joyce,14
2404,Joycelyn,42
2405,Joye,69
2406,Juan,26
2407,Juana,68
2408,Juanita,15
2409,Jude,27
2410,Judi,48
2411,Judie,32
2412,Judith,49
2413,Judson,75
2414,Judy,14
2415,Jule,14
2416,Julee,97
2417,Julene,42
2418,Jules,32
2419,Juli,81
2420,Julia,58
2421,Julian,47
2422,Juliana,35
2423,Juliane,93
2424,Juliann,2
2425,Julianna,74
2426,Julianne,51
2427,Julie,28
2428,Julieann,13
2429,Julienne,47
2430,Juliet,69
2431,Julieta,37
2432,Julietta,45
2433,Juliette,34
2434,Julio,46
2435,Julissa,62
2436,Julius,98
2437,June,84
2438,Jung,10
2439,Junie,61
2440,Junior,47
2441,Junita,57
2442,Junko,40
2443,Justa,84
2444,Justin,3
2445,Justina,9
2446,Justine,88
2447,Jutta,28
2448,Ka,92
2449,Kacey,85
2450,Kaci,66
2451,Kacie,62
2452,Kacy,26
2453,Kai,22
2454,Kaila,45
2455,Kaitlin,68
2456,Kaitlyn,63
2457,Kala,35
2458,Kaleigh,16
2459,Kaley,39
2460,Kali,31
2461,Kallie,22
2462,Kalyn,53
2463,Kam,22
2464,Kamala,60
2465,Kami,16
2466,Kamilah,29
2467,Kandace,83
2468,Kandi,68
2469,Kandice,83
2470,Kandis,0
2471,Kandra,98
2472,Kandy,92
2473,Kanesha,30
2474,Kanisha,18
2475,Kara,23
2476,Karan,7
2477,Kareem,51
2478,Kareen,65
2479,Karen,93
2480,Karena,73
2481,Karey,10
2482,Kari,77
2483,Karie,96
2484,Karima,74
2485,Karin,88
2486,Karina,56
2487,Karine,47
2488,Karisa,42
2489,Karissa,61
2490,Karl,77
2491,Karla,81
2492,Karleen,95
2493,Karlene,84
2494,Karly,10
2495,Karlyn,79
2496,Karma,26
2497,Karmen,33
2498,Karol,39
2499,Karole,22
2500,Karoline,10
2501,Karolyn,60
2502,Karon,66
2503,Karren,81
2504,Karri,11
2505,Karrie,33
2506,Karry,28
2507,Kary,2
2508,Karyl,91
2509,Karyn,32
2510,Kasandra,73
2511,Kasey,85
2512,Kasha,38
2513,Kasi,15
2514,Kasie,69
2515,Kassandra,77
2516,Kassie,89
2517,Kate,67
2518,Katelin,16
2519,Katelyn,93
2520,Katelynn,88
2521,Katerine,50
2522,Kathaleen,47
2523,Katharina,59
2524,Katharine,5
2525,Katharyn,66
2526,Kathe,24
2527,Katheleen,39
2528,Katherin,55
2529,Katherina,96
2530,Katherine,67
2531,Kathern,35
2532,Katheryn,74
2533,Kathey,33
2534,Kathi,70
2535,Kathie,73
2536,Kathleen,2
2537,Kathlene,6
2538,Kathline,39
2539,Kathlyn,15
2540,Kathrin,16
2541,Kathrine,12
2542,Kathryn,69
2543,Kathryne,19
2544,Kathy,81
2545,Kathyrn,56
2546,Kati,0
2547,Katia,78
2548,Katie,92
2549,Katina,77
2550,Katlyn,45
2551,Katrice,8
2552,Katrina,73
2553,Kattie,77
2554,Katy,83
2555,Kay,48
2556,Kayce,53
2557,Kaycee,96
2558,Kaye,78
2559,Kayla,55
2560,Kaylee,27
2561,Kayleen,0
2562,Kayleigh,52
2563,Kaylene,81
2564,Kazuko,67
2565,Kecia,12
2566,Keeley,24
2567,Keely,65
2568,Keena,98
2569,Keenan,5
2570,Keesha,45
2571,Keiko,83
2572,Keila,65
2573,Keira,3
2574,Keisha,4
2575,Keith,16
2576,Keitha,75
2577,Keli,45
2578,Kelle,48
2579,Kellee,16
2580,Kelley,81
2581,Kelli,49
2582,Kellie,69
2583,Kelly,38
2584,Kellye,98
2585,Kelsey,48
2586,Kelsi,73
2587,Kelsie,7
2588,Kelvin,15
2589,Kemberly,15
2590,Ken,31
2591,Kena,97
2592,Kenda,36
2593,Kendal,22
2594,Kendall,43
2595,Kendra,18
2596,Kendrick,51
2597,Keneth,71
2598,Kenia,62
2599,Kenisha,56
2600,Kenna,46
2601,Kenneth,73
2602,Kennith,14
2603,Kenny,61
2604,Kent,9
2605,Kenton,48
2606,Kenya,83
2607,Kenyatta,92
2608,Kenyetta,26
2609,Kera,62
2610,Keren,78
2611,Keri,90
2612,Kermit,79
2613,Kerri,77
2614,Kerrie,16
2615,Kerry,87
2616,Kerstin,60
2617,Kesha,56
2618,Keshia,97
2619,Keturah,71
2620,Keva,86
2621,Keven,22
2622,Kevin,29
2623,Khadijah,73
2624,Khalilah,75
2625,Kia,45
2626,Kiana,43
2627,Kiara,73
2628,Kiera,90
2629,Kiersten,33
2630,Kiesha,85
2631,Kieth,43
2632,Kiley,91
2633,Kim,5
2634,Kimber,24
2635,Kimberely,60
2636,Kimberlee,16
2637,Kimberley,25
2638,Kimberli,61
2639,Kimberlie,67
2640,Kimberly,45
2641,Kimbery,57
2642,Kimbra,87
2643,Kimi,64
2644,Kimiko,72
2645,Kina,17
2646,Kindra,58
2647,King,51
2648,Kip,14
2649,Kira,67
2650,Kirby,53
2651,Kirk,54
2652,Kirsten,96
2653,Kirstie,94
2654,Kirstin,25
2655,Kisha,9
2656,Kit,66
2657,Kittie,65
2658,Kitty,46
2659,Kiyoko,55
2660,Kizzie,4
2661,Kizzy,22
2662,Klara,47
2663,Korey,4
2664,Kori,8
2665,Kortney,58
2666,Kory,13
2667,Kourtney,88
2668,Kraig,72
2669,Kris,7
2670,Krishna,76
2671,Krissy,31
2672,Krista,49
2673,Kristal,82
2674,Kristan,28
2675,Kristeen,92
2676,Kristel,70
2677,Kristen,10
2678,Kristi,38
2679,Kristian,10
2680,Kristie,29
2681,Kristin,36
2682,Kristina,19
2683,Kristine,1
2684,Kristle,93
2685,Kristofer,32
2686,Kristopher,91
2687,Kristy,95
2688,Kristyn,31
2689,Krysta,48
2690,Krystal,62
2691,Krysten,45
2692,Krystin,41
2693,Krystina,81
2694,Krystle,98
2695,Krystyna,26
2696,Kum,0
2697,Kurt,24
2698,Kurtis,8
2699,Kyla,19
2700,Kyle,85
2701,Kylee,84
2702,Kylie,85
2703,Kym,59
2704,Kymberly,30
2705,Kyoko,33
2706,Kyong,84
2707,Kyra,89
2708,Kyung,42
2709,Lacey,16
2710,Lachelle,8
2711,Laci,91
2712,Lacie,33
2713,Lacresha,41
2714,Lacy,77
2715,Ladawn,21
2716,Ladonna,46
2717,Lady,7
2718,Lael,31
2719,Lahoma,92
2720,Lai,38
2721,Laila,58
2722,Laine,51
2723,Lajuana,36
2724,Lakeesha,54
2725,Lakeisha,84
2726,Lakendra,14
2727,Lakenya,33
2728,Lakesha,8
2729,Lakeshia,2
2730,Lakia,94
2731,Lakiesha,72
2732,Lakisha,79
2733,Lakita,74
2734,Lala,35
2735,Lamar,91
2736,Lamonica,3
2737,Lamont,18
2738,Lan,52
2739,Lana,45
2740,Lance,11
2741,Landon,69
2742,Lane,48
2743,Lanell,86
2744,Lanelle,39
2745,Lanette,70
2746,Lang,96
2747,Lani,18
2748,Lanie,55
2749,Lanita,88
2750,Lannie,33
2751,Lanny,11
2752,Lanora,76
2753,Laquanda,91
2754,Laquita,6
2755,Lara,19
2756,Larae,71
2757,Laraine,20
2758,Laree,42
2759,Larhonda,47
2760,Larisa,7
2761,Larissa,50
2762,Larita,87
2763,Laronda,32
2764,Larraine,21
2765,Larry,7
2766,Larue,82
2767,Lasandra,46
2768,Lashanda,28
2769,Lashandra,72
2770,Lashaun,63
2771,Lashaunda,83
2772,Lashawn,72
2773,Lashawna,57
2774,Lashawnda,34
2775,Lashay,1
2776,Lashell,16
2777,Lashon,81
2778,Lashonda,23
2779,Lashunda,99
2780,Lasonya,79
2781,Latanya,87
2782,Latarsha,75
2783,Latasha,69
2784,Latashia,15
2785,Latesha,89
2786,Latia,64
2787,Laticia,88
2788,Latina,61
2789,Latisha,40
2790,Latonia,68
2791,Latonya,99
2792,Latoria,88
2793,Latosha,9
2794,Latoya,88
2795,Latoyia,41
2796,Latrice,9
2797,Latricia,59
2798,Latrina,88
2799,Latrisha,61
2800,Launa,62
2801,Laura,85
2802,Lauralee,77
2803,Lauran,35
2804,Laure,60
2805,Laureen,57
2806,Laurel,50
2807,Lauren,50
2808,Laurena,27
2809,Laurence,54
2810,Laurene,71
2811,Lauretta,84
2812,Laurette,64
2813,Lauri,51
2814,Laurice,5
2815,Laurie,0
2816,Laurinda,52
2817,Laurine,92
2818,Lauryn,17
2819,Lavada,52
2820,Lavelle,51
2821,Lavenia,48
2822,Lavera,87
2823,Lavern,33
2824,Laverna,15
2825,Laverne,66
2826,Laveta,39
2827,Lavette,84
2828,Lavina,66
2829,Lavinia,65
2830,Lavon,4
2831,Lavona,26
2832,Lavonda,72
2833,Lavone,93
2834,Lavonia,94
2835,Lavonna,87
2836,Lavonne,20
2837,Lawana,37
2838,Lawanda,89
2839,Lawanna,63
2840,Lawerence,51
2841,Lawrence,33
2842,Layla,55
2843,Layne,45
2844,Lazaro,67
2845,Le,78
2846,Lea,66
2847,Leah,42
2848,Lean,4
2849,Leana,18
2850,Leandra,48
2851,Leandro,92
2852,Leann,72
2853,Leanna,6
2854,Leanne,58
2855,Leanora,1
2856,Leatha,50
2857,Leatrice,29
2858,Lecia,64
2859,Leda,49
2860,Lee,50
2861,Leeann,13
2862,Leeanna,36
2863,Leeanne,49
2864,Leena,49
2865,Leesa,35
2866,Leia,66
2867,Leida,32
2868,Leif,19
2869,Leigh,82
2870,Leigha,57
2871,Leighann,1
2872,Leila,67
2873,Leilani,66
2874,Leisa,69
2875,Leisha,42
2876,Lekisha,68
2877,Lela,60
2878,Lelah,43
2879,Leland,17
2880,Lelia,29
2881,Lemuel,19
2882,Len,92
2883,Lena,58
2884,Lenard,79
2885,Lenita,90
2886,Lenna,75
2887,Lennie,21
2888,Lenny,54
2889,Lenora,38
2890,Lenore,16
2891,Leo,66
2892,Leola,52
2893,Leoma,86
2894,Leon,97
2895,Leona,11
2896,Leonard,32
2897,Leonarda,40
2898,Leonardo,22
2899,Leone,5
2900,Leonel,27
2901,Leonia,84
2902,Leonida,3
2903,Leonie,1
2904,Leonila,20
2905,Leonor,60
2906,Leonora,70
2907,Leonore,97
2908,Leontine,25
2909,Leopoldo,38
2910,Leora,56
2911,Leota,53
2912,Lera,32
2913,Leroy,47
2914,Les,0
2915,Lesa,10
2916,Lesha,56
2917,Lesia,65
2918,Leslee,10
2919,Lesley,59
2920,Lesli,32
2921,Leslie,17
2922,Lessie,27
2923,Lester,16
2924,Leta,47
2925,Letha,79
2926,Leticia,15
2927,Letisha,71
2928,Letitia,83
2929,Lettie,25
2930,Letty,99
2931,Levi,82
2932,Lewis,19
2933,Lexie,1
2934,Lezlie,9
2935,Li,27
2936,Lia,78
2937,Liana,74
2938,Liane,52
2939,Lianne,6
2940,Libbie,55
2941,Libby,79
2942,Liberty,49
2943,Librada,99
2944,Lida,51
2945,Lidia,0
2946,Lien,88
2947,Lieselotte,64
2948,Ligia,38
2949,Lila,76
2950,Lili,31
2951,Lilia,45
2952,Lilian,40
2953,Liliana,8
2954,Lilla,9
2955,Lilli,3
2956,Lillia,80
2957,Lilliam,48
2958,Lillian,94
2959,Lilliana,69
2960,Lillie,2
2961,Lilly,18
2962,Lily,90
2963,Lin,10
2964,Lina,49
2965,Lincoln,37
2966,Linda,89
2967,Lindsay,77
2968,Lindsey,7
2969,Lindsy,11
2970,Lindy,1
2971,Linette,68
2972,Ling,97
2973,Linh,21
2974,Linn,58
2975,Linnea,40
2976,Linnie,17
2977,Lino,3
2978,Linsey,72
2979,Linwood,85
2980,Lionel,21
2981,Lisa,61
2982,Lisabeth,28
2983,Lisandra,60
2984,Lisbeth,24
2985,Lise,7
2986,Lisette,32
2987,Lisha,95
2988,Lissa,19
2989,Lissette,86
2990,Lita,34
2991,Livia,39
2992,Liz,44
2993,Liza,51
2994,Lizabeth,40
2995,Lizbeth,58
2996,Lizeth,24
2997,Lizette,64
2998,Lizzette,72
2999,Lizzie,23
3000,Lloyd,95
3001,Loan,22
3002,Logan,70
3003,Loida,72
3004,Lois,91
3005,Loise,69
3006,Lola,99
3007,Lolita,48
3008,Loma,96
3009,Lon,53
3010,Lona,79
3011,Londa,22
3012,Long,58
3013,Loni,12
3014,Lonna,65
3015,Lonnie,56
3016,Lonny,73
3017,Lora,79
3018,Loraine,4
3019,Loralee,42
3020,Lore,41
3021,Lorean,92
3022,Loree,68
3023,Loreen,61
3024,Lorelei,46
3025,Loren,38
3026,Lorena,17
3027,Lorene,20
3028,Lorenza,75
3029,Lorenzo,11
3030,Loreta,43
3031,Loretta,47
3032,Lorette,78
3033,Lori,54
3034,Loria,92
3035,Loriann,10
3036,Lorie,47
3037,Lorilee,11
3038,Lorina,31
3039,Lorinda,23
3040,Lorine,61
3041,Loris,95
3042,Lorita,66
3043,Lorna,34
3044,Lorraine,96
3045,Lorretta,24
3046,Lorri,87
3047,Lorriane,8
3048,Lorrie,13
3049,Lorrine,76
3050,Lory,42
3051,Lottie,33
3052,Lou,73
3053,Louann,79
3054,Louanne,53
3055,Louella,51
3056,Louetta,89
3057,Louie,90
3058,Louis,47
3059,Louisa,45
3060,Louise,95
3061,Loura,20
3062,Lourdes,25
3063,Lourie,66
3064,Louvenia,2
3065,Love,20
3066,Lovella,43
3067,Lovetta,10
3068,Lovie,91
3069,Lowell,85
3070,Loyce,17
3071,Loyd,99
3072,Lu,36
3073,Luana,81
3074,Luann,16
3075,Luanna,86
3076,Luanne,80
3077,Luba,75
3078,Lucas,29
3079,Luci,4
3080,Lucia,60
3081,Luciana,73
3082,Luciano,98
3083,Lucie,2
3084,Lucien,4
3085,Lucienne,72
3086,Lucila,0
3087,Lucile,28
3088,Lucilla,0
3089,Lucille,56
3090,Lucina,18
3091,Lucinda,18
3092,Lucio,47
3093,Lucius,41
3094,Lucrecia,82
3095,Lucretia,62
3096,Lucy,27
3097,Ludie,52
3098,Ludivina,40
3099,Lue,46
3100,Luella,7
3101,Luetta,88
3102,Luigi,98
3103,Luis,46
3104,Luisa,39
3105,Luise,37
3106,Luke,76
3107,Lula,4
3108,Lulu,12
3109,Luna,38
3110,Lupe,74
3111,Lupita,37
3112,Lura,37
3113,Lurlene,71
3114,Lurline,79
3115,Luther,22
3116,Luvenia,14
3117,Luz,17
3118,Lyda,90
3119,Lydia,56
3120,Lyla,55
3121,Lyle,60
3122,Lyman,34
3123,Lyn,9
3124,Lynda,22
3125,Lyndia,60
3126,Lyndon,68
3127,Lyndsay,80
3128,Lyndsey,80
3129,Lynell,47
3130,Lynelle,82
3131,Lynetta,29
3132,Lynette,55
3133,Lynn,42
3134,Lynna,15
3135,Lynne,75
3136,Lynnette,47
3137,Lynsey,34
3138,Lynwood,69
3139,Ma,85
3140,Mabel,2
3141,Mabelle,16
3142,Mable,27
3143,Mac,46
3144,Machelle,43
3145,Macie,47
3146,Mack,23
3147,Mackenzie,75
3148,Macy,56
3149,Madalene,46
3150,Madaline,37
3151,Madalyn,53
3152,Maddie,54
3153,Madelaine,89
3154,Madeleine,65
3155,Madelene,24
3156,Madeline,15
3157,Madelyn,93
3158,Madge,70
3159,Madie,67
3160,Madison,7
3161,Madlyn,84
3162,Madonna,55
3163,Mae,11
3164,Maegan,85
3165,Mafalda,76
3166,Magali,72
3167,Magaly,40
3168,Magan,44
3169,Magaret,22
3170,Magda,10
3171,Magdalen,45
3172,Magdalena,91
3173,Magdalene,87
3174,Magen,62
3175,Maggie,90
3176,Magnolia,90
3177,Mahalia,23
3178,Mai,78
3179,Maia,91
3180,Maida,39
3181,Maile,44
3182,Maira,14
3183,Maire,57
3184,Maisha,46
3185,Maisie,53
3186,Major,85
3187,Majorie,35
3188,Makeda,19
3189,Malcolm,82
3190,Malcom,97
3191,Malena,98
3192,Malia,48
3193,Malik,75
3194,Malika,28
3195,Malinda,17
3196,Malisa,17
3197,Malissa,86
3198,Malka,67
3199,Mallie,92
3200,Mallory,89
3201,Malorie,22
3202,Malvina,76
3203,Mamie,15
3204,Mammie,18
3205,Man,15
3206,Mana,71
3207,Manda,85
3208,Mandi,92
3209,Mandie,35
3210,Mandy,2
3211,Manie,84
3212,Manual,76
3213,Manuel,70
3214,Manuela,33
3215,Many,1
3216,Mao,42
3217,Maple,74
3218,Mara,14
3219,Maragaret,7
3220,Maragret,14
3221,Maranda,7
3222,Marc,17
3223,Marcel,63
3224,Marcela,93
3225,Marcelene,81
3226,Marcelina,24
3227,Marceline,32
3228,Marcelino,73
3229,Marcell,11
3230,Marcella,47
3231,Marcelle,90
3232,Marcellus,30
3233,Marcelo,0
3234,Marcene,26
3235,Marchelle,43
3236,Marci,30
3237,Marcia,99
3238,Marcie,11
3239,Marco,23
3240,Marcos,52
3241,Marcus,33
3242,Marcy,21
3243,Mardell,26
3244,Maren,68
3245,Marg,96
3246,Margaret,37
3247,Margareta,56
3248,Margarete,44
3249,Margarett,63
3250,Margaretta,76
3251,Margarette,20
3252,Margarita,8
3253,Margarite,23
3254,Margarito,11
3255,Margart,43
3256,Marge,72
3257,Margene,88
3258,Margeret,30
3259,Margert,29
3260,Margery,62
3261,Marget,18
3262,Margherita,22
3263,Margie,37
3264,Margit,32
3265,Margo,50
3266,Margorie,17
3267,Margot,23
3268,Margret,16
3269,Margrett,60
3270,Marguerita,43
3271,Marguerite,20
3272,Margurite,20
3273,Margy,72
3274,Marhta,13
3275,Mari,19
3276,Maria,52
3277,Mariah,10
3278,Mariam,50
3279,Marian,42
3280,Mariana,67
3281,Marianela,86
3282,Mariann,36
3283,Marianna,73
3284,Marianne,37
3285,Mariano,80
3286,Maribel,79
3287,Maribeth,16
3288,Marica,77
3289,Maricela,10
3290,Maricruz,27
3291,Marie,65
3292,Mariel,79
3293,Mariela,11
3294,Mariella,98
3295,Marielle,39
3296,Marietta,82
3297,Mariette,98
3298,Mariko,71
3299,Marilee,1
3300,Marilou,96
3301,Marilu,32
3302,Marilyn,65
3303,Marilynn,29
3304,Marin,43
3305,Marina,68
3306,Marinda,42
3307,Marine,24
3308,Mario,97
3309,Marion,1
3310,Maris,71
3311,Marisa,69
3312,Marisela,12
3313,Marisha,84
3314,Marisol,89
3315,Marissa,80
3316,Marita,60
3317,Maritza,54
3318,Marivel,67
3319,Marjorie,86
3320,Marjory,14
3321,Mark,33
3322,Marketta,60
3323,Markita,91
3324,Markus,52
3325,Marla,28
3326,Marlana,17
3327,Marleen,78
3328,Marlen,18
3329,Marlena,85
3330,Marlene,26
3331,Marlin,13
3332,Marline,56
3333,Marlo,17
3334,Marlon,77
3335,Marlyn,93
3336,Marlys,28
3337,Marna,8
3338,Marni,1
3339,Marnie,16
3340,Marquerite,58
3341,Marquetta,98
3342,Marquis,44
3343,Marquita,32
3344,Marquitta,88
3345,Marry,47
3346,Marsha,40
3347,Marshall,85
3348,Marta,50
3349,Marth,84
3350,Martha,6
3351,Marti,25
3352,Martin,73
3353,Martina,59
3354,Martine,61
3355,Marty,44
3356,Marva,48
3357,Marvel,7
3358,Marvella,61
3359,Marvin,81
3360,Marvis,49
3361,Marx,49
3362,Mary,79
3363,Marya,84
3364,Maryalice,5
3365,Maryam,43
3366,Maryann,57
3367,Maryanna,59
3368,Maryanne,84
3369,Marybelle,13
3370,Marybeth,78
3371,Maryellen,18
3372,Maryetta,43
3373,Maryjane,13
3374,Maryjo,2
3375,Maryland,69
3376,Marylee,44
3377,Marylin,94
3378,Maryln,67
3379,Marylou,72
3380,Marylouise,54
3381,Marylyn,5
3382,Marylynn,54
3383,Maryrose,37
3384,Masako,49
3385,Mason,91
3386,Matha,56
3387,Mathew,55
3388,Mathilda,3
3389,Mathilde,50
3390,Matilda,85
3391,Matilde,86
3392,Matt,24
3393,Matthew,98
3394,Mattie,13
3395,Maud,10
3396,Maude,39
3397,Maudie,58
3398,Maura,33
3399,Maureen,67
3400,Maurice,23
3401,Mauricio,17
3402,Maurine,90
3403,Maurita,60
3404,Mauro,27
3405,Mavis,31
3406,Max,2
3407,Maxie,44
3408,Maxima,18
3409,Maximina,27
3410,Maximo,26
3411,Maxine,89
3412,Maxwell,79
3413,May,90
3414,Maya,69
3415,Maybell,73
3416,Maybelle,36
3417,Maye,79
3418,Mayme,29
3419,Maynard,53
3420,Mayola,58
3421,Mayra,77
3422,Mazie,5
3423,Mckenzie,45
3424,Mckinley,94
3425,Meagan,75
3426,Meaghan,36
3427,Mechelle,79
3428,Meda,36
3429,Mee,99
3430,Meg,51
3431,Megan,6
3432,Meggan,62
3433,Meghan,3
3434,Meghann,2
3435,Mei,92
3436,Mel,33
3437,Melaine,42
3438,Melani,29
3439,Melania,95
3440,Melanie,15
3441,Melany,39
3442,Melba,26
3443,Melda,16
3444,Melia,59
3445,Melida,80
3446,Melina,17
3447,Melinda,23
3448,Melisa,1
3449,Melissa,89
3450,Melissia,65
3451,Melita,25
3452,Mellie,8
3453,Mellisa,59
3454,Mellissa,78
3455,Melodee,79
3456,Melodi,72
3457,Melodie,89
3458,Melody,60
3459,Melonie,94
3460,Melony,16
3461,Melva,9
3462,Melvin,41
3463,Melvina,36
3464,Melynda,72
3465,Mendy,43
3466,Mercedes,70
3467,Mercedez,68
3468,Mercy,15
3469,Meredith,60
3470,Meri,21
3471,Merideth,91
3472,Meridith,2
3473,Merilyn,42
3474,Merissa,63
3475,Merle,27
3476,Merlene,86
3477,Merlin,77
3478,Merlyn,40
3479,Merna,31
3480,Merri,10
3481,Merrie,49
3482,Merrilee,99
3483,Merrill,23
3484,Merry,34
3485,Mertie,98
3486,Mervin,21
3487,Meryl,27
3488,Meta,16
3489,Mi,78
3490,Mia,40
3491,Mica,93
3492,Micaela,85
3493,Micah,18
3494,Micha,15
3495,Michael,96
3496,Michaela,24
3497,Michaele,15
3498,Michal,85
3499,Michale,59
3500,Micheal,15
3501,Michel,41
3502,Michele,8
3503,Michelina,96
3504,Micheline,89
3505,Michell,18
3506,Michelle,77
3507,Michiko,84
3508,Mickey,61
3509,Micki,44
3510,Mickie,52
3511,Miesha,37
3512,Migdalia,10
3513,Mignon,43
3514,Miguel,59
3515,Miguelina,77
3516,Mika,34
3517,Mikaela,90
3518,Mike,62
3519,Mikel,39
3520,Miki,22
3521,Mikki,64
3522,Mila,53
3523,Milagro,16
3524,Milagros,33
3525,Milan,70
3526,Milda,99
3527,Mildred,81
3528,Miles,20
3529,Milford,87
3530,Milissa,30
3531,Millard,32
3532,Millicent,10
3533,Millie,12
3534,Milly,19
3535,Milo,47
3536,Milton,46
3537,Mimi,33
3538,Min,87
3539,Mina,30
3540,Minda,26
3541,Mindi,0
3542,Mindy,0
3543,Minerva,33
3544,Ming,98
3545,Minh,65
3546,Minna,13
3547,Minnie,0
3548,Minta,70
3549,Miquel,4
3550,Mira,16
3551,Miranda,36
3552,Mireille,0
3553,Mirella,67
3554,Mireya,3
3555,Miriam,78
3556,Mirian,63
3557,Mirna,0
3558,Mirta,81
3559,Mirtha,75
3560,Misha,52
3561,Miss,67
3562,Missy,11
3563,Misti,12
3564,Mistie,65
3565,Misty,57
3566,Mitch,40
3567,Mitchel,91
3568,Mitchell,58
3569,Mitsue,36
3570,Mitsuko,98
3571,Mittie,69
3572,Mitzi,18
3573,Mitzie,15
3574,Miyoko,43
3575,Modesta,24
3576,Modesto,72
3577,Mohamed,97
3578,Mohammad,70
3579,Mohammed,97
3580,Moira,74
3581,Moises,94
3582,Mollie,67
3583,Molly,5
3584,Mona,7
3585,Monet,45
3586,Monica,32
3587,Monika,67
3588,Monique,93
3589,Monnie,16
3590,Monroe,74
3591,Monserrate,78
3592,Monte,62
3593,Monty,59
3594,Moon,2
3595,Mora,43
3596,Morgan,62
3597,Moriah,52
3598,Morris,36
3599,Morton,33
3600,Mose,19
3601,Moses,14
3602,Moshe,74
3603,Mozell,27
3604,Mozella,96
3605,Mozelle,72
3606,Mui,42
3607,Muoi,9
3608,Muriel,19
3609,Murray,50
3610,My,80
3611,Myesha,0
3612,Myles,81
3613,Myong,93
3614,Myra,10
3615,Myriam,35
3616,Myrl,41
3617,Myrle,7
3618,Myrna,96
3619,Myron,55
3620,Myrta,60
3621,Myrtice,78
3622,Myrtie,88
3623,Myrtis,62
3624,Myrtle,69
3625,Myung,46
3626,Na,31
3627,Nada,17
3628,Nadene,33
3629,Nadia,60
3630,Nadine,78
3631,Naida,99
3632,Nakesha,17
3633,Nakia,65
3634,Nakisha,65
3635,Nakita,50
3636,Nam,6
3637,Nan,14
3638,Nana,67
3639,Nancee,69
3640,Nancey,20
3641,Nanci,56
3642,Nancie,53
3643,Nancy,17
3644,Nanette,28
3645,Nannette,72
3646,Nannie,27
3647,Naoma,5
3648,Naomi,64
3649,Napoleon,39
3650,Narcisa,69
3651,Natacha,53
3652,Natalia,1
3653,Natalie,37
3654,Natalya,75
3655,Natasha,59
3656,Natashia,47
3657,Nathalie,34
3658,Nathan,99
3659,Nathanael,34
3660,Nathanial,75
3661,Nathaniel,35
3662,Natisha,33
3663,Natividad,2
3664,Natosha,9
3665,Neal,19
3666,Necole,21
3667,Ned,73
3668,Neda,2
3669,Nedra,77
3670,Neely,52
3671,Neida,17
3672,Neil,73
3673,Nelda,22
3674,Nelia,94
3675,Nelida,46
3676,Nell,41
3677,Nella,53
3678,Nelle,1
3679,Nellie,84
3680,Nelly,20
3681,Nelson,86
3682,Nena,39
3683,Nenita,74
3684,Neoma,99
3685,Neomi,98
3686,Nereida,73
3687,Nerissa,88
3688,Nery,51
3689,Nestor,5
3690,Neta,77
3691,Nettie,89
3692,Neva,52
3693,Nevada,16
3694,Neville,73
3695,Newton,95
3696,Nga,0
3697,Ngan,33
3698,Ngoc,57
3699,Nguyet,55
3700,Nia,19
3701,Nichelle,47
3702,Nichol,45
3703,Nicholas,17
3704,Nichole,35
3705,Nicholle,1
3706,Nick,30
3707,Nicki,3
3708,Nickie,22
3709,Nickolas,63
3710,Nickole,45
3711,Nicky,54
3712,Nicol,8
3713,Nicola,85
3714,Nicolas,15
3715,Nicolasa,47
3716,Nicole,46
3717,Nicolette,14
3718,Nicolle,50
3719,Nida,27
3720,Nidia,39
3721,Niesha,42
3722,Nieves,95
3723,Nigel,84
3724,Niki,52
3725,Nikia,90
3726,Nikita,6
3727,Nikki,36
3728,Nikole,90
3729,Nila,13
3730,Nilda,63
3731,Nilsa,34
3732,Nina,37
3733,Ninfa,18
3734,Nisha,50
3735,Nita,80
3736,Noah,55
3737,Noble,76
3738,Nobuko,65
3739,Noe,51
3740,Noel,77
3741,Noelia,10
3742,Noella,88
3743,Noelle,53
3744,Noemi,63
3745,Nohemi,49
3746,Nola,15
3747,Nolan,12
3748,Noma,13
3749,Nona,40
3750,Nora,83
3751,Norah,40
3752,Norbert,62
3753,Norberto,67
3754,Noreen,22
3755,Norene,64
3756,Noriko,77
3757,Norine,48
3758,Norma,3
3759,Norman,92
3760,Normand,76
3761,Norris,49
3762,Nova,40
3763,Novella,60
3764,Nu,27
3765,Nubia,51
3766,Numbers,28
3767,Nydia,0
3768,Nyla,61
3769,Obdulia,91
3770,Ocie,79
3771,Octavia,55
3772,Octavio,0
3773,Oda,85
3774,Odelia,69
3775,Odell,70
3776,Odessa,3
3777,Odette,60
3778,Odilia,73
3779,Odis,49
3780,Ofelia,47
3781,Ok,96
3782,Ola,16
3783,Olen,90
3784,Olene,57
3785,Oleta,65
3786,Olevia,75
3787,Olga,5
3788,Olimpia,5
3789,Olin,89
3790,Olinda,24
3791,Oliva,34
3792,Olive,96
3793,Oliver,82
3794,Olivia,14
3795,Ollie,6
3796,Olympia,72
3797,Oma,0
3798,Omar,62
3799,Omega,54
3800,Omer,49
3801,Ona,23
3802,Oneida,33
3803,Onie,85
3804,Onita,70
3805,Opal,25
3806,Ophelia,82
3807,Ora,37
3808,Oralee,76
3809,Oralia,36
3810,Oren,83
3811,Oretha,97
3812,Orlando,85
3813,Orpha,66
3814,Orval,82
3815,Orville,39
3816,Oscar,26
3817,Ossie,52
3818,Osvaldo,84
3819,Oswaldo,33
3820,Otelia,14
3821,Otha,33
3822,Otilia,29
3823,Otis,83
3824,Otto,7
3825,Ouida,81
3826,Owen,94
3827,Ozell,48
3828,Ozella,78
3829,Ozie,21
3830,Pa,28
3831,Pablo,21
3832,Page,58
3833,Paige,17
3834,Palma,95
3835,Palmer,2
3836,Palmira,43
3837,Pam,92
3838,Pamala,83
3839,Pamela,23
3840,Pamelia,99
3841,Pamella,57
3842,Pamila,14
3843,Pamula,53
3844,Pandora,84
3845,Pansy,12
3846,Paola,97
3847,Paris,63
3848,Parker,39
3849,Parthenia,52
3850,Particia,15
3851,Pasquale,41
3852,Pasty,33
3853,Pat,57
3854,Patience,41
3855,Patria,27
3856,Patrica,0
3857,Patrice,37
3858,Patricia,23
3859,Patrick,71
3860,Patrina,71
3861,Patsy,77
3862,Patti,79
3863,Pattie,12
3864,Patty,8
3865,Paul,64
3866,Paula,95
3867,Paulene,69
3868,Pauletta,48
3869,Paulette,76
3870,Paulina,55
3871,Pauline,43
3872,Paulita,99
3873,Paz,94
3874,Pearl,58
3875,Pearle,61
3876,Pearlene,69
3877,Pearlie,62
3878,Pearline,77
3879,Pearly,82
3880,Pedro,24
3881,Peg,75
3882,Peggie,22
3883,Peggy,81
3884,Pei,27
3885,Penelope,53
3886,Penney,25
3887,Penni,36
3888,Pennie,85
3889,Penny,92
3890,Percy,63
3891,Perla,6
3892,Perry,45
3893,Pete,81
3894,Peter,59
3895,Petra,62
3896,Petrina,13
3897,Petronila,48
3898,Phebe,88
3899,Phil,97
3900,Philip,55
3901,Phillip,9
3902,Phillis,41
3903,Philomena,82
3904,Phoebe,58
3905,Phung,84
3906,Phuong,60
3907,Phylicia,24
3908,Phylis,75
3909,Phyliss,35
3910,Phyllis,2
3911,Pia,92
3912,Piedad,74
3913,Pierre,3
3914,Pilar,56
3915,Ping,49
3916,Pinkie,20
3917,Piper,1
3918,Pok,75
3919,Polly,94
3920,Porfirio,92
3921,Porsche,14
3922,Porsha,9
3923,Porter,18
3924,Portia,69
3925,Precious,27
3926,Preston,89
3927,Pricilla,95
3928,Prince,63
3929,Princess,70
3930,Priscila,48
3931,Priscilla,22
3932,Providencia,78
3933,Prudence,25
3934,Pura,49
3935,Qiana,59
3936,Queen,50
3937,Queenie,86
3938,Quentin,23
3939,Quiana,66
3940,Quincy,83
3941,Quinn,85
3942,Quintin,54
3943,Quinton,63
3944,Quyen,42
3945,Rachael,92
3946,Rachal,78
3947,Racheal,45
3948,Rachel,25
3949,Rachele,52
3950,Rachell,27
3951,Rachelle,33
3952,Racquel,41
3953,Rae,43
3954,Raeann,19
3955,Raelene,11
3956,Rafael,82
3957,Rafaela,84
3958,Raguel,7
3959,Raina,91
3960,Raisa,55
3961,Raleigh,15
3962,Ralph,90
3963,Ramiro,41
3964,Ramon,7
3965,Ramona,85
3966,Ramonita,63
3967,Rana,1
3968,Ranae,93
3969,Randa,16
3970,Randal,5
3971,Randall,81
3972,Randee,12
3973,Randell,40
3974,Randi,7
3975,Randolph,98
3976,Randy,0
3977,Ranee,72
3978,Raphael,56
3979,Raquel,38
3980,Rashad,73
3981,Rasheeda,34
3982,Rashida,8
3983,Raul,93
3984,Raven,79
3985,Ray,33
3986,Raye,37
3987,Rayford,41
3988,Raylene,72
3989,Raymon,95
3990,Raymond,34
3991,Raymonde,26
3992,Raymundo,62
3993,Rayna,60
3994,Rea,92
3995,Reagan,28
3996,Reanna,23
3997,Reatha,3
3998,Reba,24
3999,Rebbeca,76
4000,Rebbecca,92
4001,Rebeca,77
4002,Rebecca,50
4003,Rebecka,37
4004,Rebekah,76
4005,Reda,68
4006,Reed,90
4007,Reena,80
4008,Refugia,23
4009,Refugio,84
4010,Regan,61
4011,Regena,98
4012,Regenia,45
4013,Reggie,33
4014,Regina,13
4015,Reginald,11
4016,Regine,17
4017,Reginia,29
4018,Reid,29
4019,Reiko,31
4020,Reina,27
4021,Reinaldo,51
4022,Reita,79
4023,Rema,3
4024,Remedios,51
4025,Remona,27
4026,Rena,84
4027,Renae,64
4028,Renaldo,18
4029,Renata,76
4030,Renate,90
4031,Renato,52
4032,Renay,50
4033,Renda,63
4034,Rene,86
4035,Renea,39
4036,Renee,45
4037,Renetta,71
4038,Renita,96
4039,Renna,93
4040,Ressie,75
4041,Reta,15
4042,Retha,49
4043,Retta,79
4044,Reuben,17
4045,Reva,54
4046,Rex,34
4047,Rey,52
4048,Reyes,19
4049,Reyna,35
4050,Reynalda,2
4051,Reynaldo,25
4052,Rhea,63
4053,Rheba,20
4054,Rhett,11
4055,Rhiannon,99
4056,Rhoda,7
4057,Rhona,67
4058,Rhonda,53
4059,Ria,36
4060,Ricarda,2
4061,Ricardo,12
4062,Rich,75
4063,Richard,12
4064,Richelle,82
4065,Richie,66
4066,Rick,74
4067,Rickey,51
4068,Ricki,90
4069,Rickie,96
4070,Ricky,19
4071,Rico,3
4072,Rigoberto,14
4073,Rikki,47
4074,Riley,11
4075,Rima,0
4076,Rina,2
4077,Risa,95
4078,Rita,19
4079,Riva,50
4080,Rivka,77
4081,Rob,53
4082,Robbi,47
4083,Robbie,43
4084,Robbin,4
4085,Robby,17
4086,Robbyn,55
4087,Robena,60
4088,Robert,82
4089,Roberta,26
4090,Roberto,47
4091,Robin,85
4092,Robt,90
4093,Robyn,49
4094,Rocco,75
4095,Rochel,19
4096,Rochell,68
4097,Rochelle,89
4098,Rocio,74
4099,Rocky,12
4100,Rod,61
4101,Roderick,10
4102,Rodger,51
4103,Rodney,69
4104,Rodolfo,25
4105,Rodrick,57
4106,Rodrigo,14
4107,Rogelio,33
4108,Roger,19
4109,Roland,36
4110,Rolanda,80
4111,Rolande,82
4112,Rolando,74
4113,Rolf,20
4114,Rolland,87
4115,Roma,41
4116,Romaine,87
4117,Roman,41
4118,Romana,90
4119,Romelia,45
4120,Romeo,91
4121,Romona,41
4122,Ron,80
4123,Rona,49
4124,Ronald,9
4125,Ronda,38
4126,Roni,2
4127,Ronna,23
4128,Ronni,16
4129,Ronnie,80
4130,Ronny,96
4131,Roosevelt,29
4132,Rory,78
4133,Rosa,64
4134,Rosalba,74
4135,Rosalee,87
4136,Rosalia,71
4137,Rosalie,15
4138,Rosalina,90
4139,Rosalind,39
4140,Rosalinda,76
4141,Rosaline,8
4142,Rosalva,63
4143,Rosalyn,69
4144,Rosamaria,65
4145,Rosamond,72
4146,Rosana,52
4147,Rosann,4
4148,Rosanna,42
4149,Rosanne,44
4150,Rosaria,4
4151,Rosario,68
4152,Rosaura,45
4153,Roscoe,11
4154,Rose,69
4155,Roseann,48
4156,Roseanna,22
4157,Roseanne,54
4158,Roselee,68
4159,Roselia,39
4160,Roseline,92
4161,Rosella,86
4162,Roselle,65
4163,Roselyn,88
4164,Rosemarie,4
4165,Rosemary,1
4166,Rosena,54
4167,Rosenda,29
4168,Rosendo,85
4169,Rosetta,1
4170,Rosette,5
4171,Rosia,32
4172,Rosie,97
4173,Rosina,91
4174,Rosio,30
4175,Rosita,94
4176,Roslyn,59
4177,Ross,83
4178,Rossana,14
4179,Rossie,86
4180,Rosy,90
4181,Rowena,39
4182,Roxana,26
4183,Roxane,35
4184,Roxann,63
4185,Roxanna,73
4186,Roxanne,94
4187,Roxie,38
4188,Roxy,61
4189,Roy,33
4190,Royal,10
4191,Royce,68
4192,Rozanne,37
4193,Rozella,23
4194,Ruben,2
4195,Rubi,7
4196,Rubie,22
4197,Rubin,46
4198,Ruby,32
4199,Rubye,41
4200,Rudolf,57
4201,Rudolph,72
4202,Rudy,34
4203,Rueben,97
4204,Rufina,26
4205,Rufus,2
4206,Rupert,6
4207,Russ,60
4208,Russel,33
4209,Russell,91
4210,Rusty,58
4211,Ruth,96
4212,Rutha,50
4213,Ruthann,57
4214,Ruthanne,0
4215,Ruthe,87
4216,Ruthie,96
4217,Ryan,88
4218,Ryann,10
4219,Sabina,40
4220,Sabine,57
4221,Sabra,63
4222,Sabrina,57
4223,Sacha,79
4224,Sachiko,61
4225,Sade,44
4226,Sadie,32
4227,Sadye,42
4228,Sage,78
4229,Sal,15
4230,Salena,25
4231,Salina,6
4232,Salley,12
4233,Sallie,65
4234,Sally,23
4235,Salome,53
4236,Salvador,12
4237,Salvatore,57
4238,Sam,68
4239,Samantha,38
4240,Samara,7
4241,Samatha,55
4242,Samella,41
4243,Samira,11
4244,Sammie,14
4245,Sammy,7
4246,Samual,84
4247,Samuel,79
4248,Sana,57
4249,Sanda,97
4250,Sandee,73
4251,Sandi,83
4252,Sandie,5
4253,Sandra,51
4254,Sandy,23
4255,Sanford,67
4256,Sang,93
4257,Sanjuana,49
4258,Sanjuanita,9
4259,Sanora,64
4260,Santa,10
4261,Santana,62
4262,Santiago,15
4263,Santina,31
4264,Santo,6
4265,Santos,93
4266,Sara,87
4267,Sarah,37
4268,Sarai,42
4269,Saran,37
4270,Sari,46
4271,Sarina,91
4272,Sarita,64
4273,Sasha,82
4274,Saturnina,84
4275,Sau,55
4276,Saul,62
4277,Saundra,86
4278,Savanna,11
4279,Savannah,41
4280,Scarlet,50
4281,Scarlett,9
4282,Scot,93
4283,Scott,92
4284,Scottie,25
4285,Scotty,32
4286,Sean,96
4287,Season,47
4288,Sebastian,98
4289,Sebrina,45
4290,See,47
4291,Seema,97
4292,Selena,40
4293,Selene,50
4294,Selina,91
4295,Selma,58
4296,Sena,78
4297,Senaida,31
4298,September,85
4299,Serafina,84
4300,Serena,32
4301,Sergio,45
4302,Serina,83
4303,Serita,8
4304,Seth,10
4305,Setsuko,17
4306,Seymour,93
4307,Sha,53
4308,Shad,48
4309,Shae,58
4310,Shaina,54
4311,Shakia,50
4312,Shakira,35
4313,Shakita,84
4314,Shala,11
4315,Shalanda,29
4316,Shalon,40
4317,Shalonda,17
4318,Shameka,76
4319,Shamika,71
4320,Shan,34
4321,Shana,66
4322,Shanae,21
4323,Shanda,18
4324,Shandi,8
4325,Shandra,89
4326,Shane,24
4327,Shaneka,62
4328,Shanel,13
4329,Shanell,73
4330,Shanelle,27
4331,Shani,94
4332,Shanice,18
4333,Shanika,37
4334,Shaniqua,55
4335,Shanita,80
4336,Shanna,87
4337,Shannan,30
4338,Shannon,37
4339,Shanon,11
4340,Shanta,29
4341,Shantae,78
4342,Shantay,52
4343,Shante,55
4344,Shantel,81
4345,Shantell,42
4346,Shantelle,75
4347,Shanti,54
4348,Shaquana,7
4349,Shaquita,58
4350,Shara,32
4351,Sharan,4
4352,Sharda,38
4353,Sharee,85
4354,Sharell,17
4355,Sharen,22
4356,Shari,24
4357,Sharice,42
4358,Sharie,82
4359,Sharika,27
4360,Sharilyn,71
4361,Sharita,45
4362,Sharla,19
4363,Sharleen,81
4364,Sharlene,85
4365,Sharmaine,51
4366,Sharolyn,2
4367,Sharon,54
4368,Sharonda,61
4369,Sharri,25
4370,Sharron,45
4371,Sharyl,36
4372,Sharyn,49
4373,Shasta,86
4374,Shaun,89
4375,Shauna,92
4376,Shaunda,47
4377,Shaunna,25
4378,Shaunta,89
4379,Shaunte,73
4380,Shavon,38
4381,Shavonda,68
4382,Shavonne,5
4383,Shawana,5
4384,Shawanda,3
4385,Shawanna,1
4386,Shawn,42
4387,Shawna,8
4388,Shawnda,16
4389,Shawnee,15
4390,Shawnna,38
4391,Shawnta,43
4392,Shay,94
4393,Shayla,58
4394,Shayna,87
4395,Shayne,88
4396,Shea,52
4397,Sheba,79
4398,Sheena,10
4399,Sheila,81
4400,Sheilah,82
4401,Shela,21
4402,Shelba,73
4403,Shelby,3
4404,Sheldon,92
4405,Shelia,57
4406,Shella,22
4407,Shelley,70
4408,Shelli,47
4409,Shellie,91
4410,Shelly,42
4411,Shelton,41
4412,Shemeka,46
4413,Shemika,83
4414,Shena,36
4415,Shenika,45
4416,Shenita,43
4417,Shenna,50
4418,Shera,5
4419,Sheree,18
4420,Sherell,34
4421,Sheri,69
4422,Sherice,33
4423,Sheridan,6
4424,Sherie,96
4425,Sherika,49
4426,Sherill,93
4427,Sherilyn,64
4428,Sherise,56
4429,Sherita,39
4430,Sherlene,56
4431,Sherley,91
4432,Sherly,16
4433,Sherlyn,18
4434,Sherman,64
4435,Sheron,58
4436,Sherrell,53
4437,Sherri,8
4438,Sherrie,24
4439,Sherril,75
4440,Sherrill,71
4441,Sherron,17
4442,Sherry,57
4443,Sherryl,80
4444,Sherwood,79
4445,Shery,97
4446,Sheryl,84
4447,Sheryll,23
4448,Shiela,7
4449,Shila,33
4450,Shiloh,53
4451,Shin,77
4452,Shira,85
4453,Shirely,42
4454,Shirl,68
4455,Shirlee,69
4456,Shirleen,97
4457,Shirlene,70
4458,Shirley,27
4459,Shirly,45
4460,Shizue,24
4461,Shizuko,96
4462,Shon,14
4463,Shona,67
4464,Shonda,46
4465,Shondra,24
4466,Shonna,34
4467,Shonta,75
4468,Shoshana,6
4469,Shu,37
4470,Shyla,33
4471,Sibyl,77
4472,Sid,16
4473,Sidney,69
4474,Sierra,91
4475,Signe,66
4476,Sigrid,13
4477,Silas,52
4478,Silva,43
4479,Silvana,32
4480,Silvia,65
4481,Sima,51
4482,Simon,39
4483,Simona,16
4484,Simone,33
4485,Simonne,34
4486,Sina,75
4487,Sindy,49
4488,Siobhan,12
4489,Sirena,55
4490,Siu,65
4491,Sixta,52
4492,Skye,8
4493,Slyvia,79
4494,So,7
4495,Socorro,68
4496,Sofia,94
4497,Soila,92
4498,Sol,30
4499,Solange,85
4500,Soledad,39
4501,Solomon,79
4502,Somer,62
4503,Sommer,22
4504,Son,5
4505,Sona,39
4506,Sondra,99
4507,Song,73
4508,Sonia,32
4509,Sonja,69
4510,Sonny,76
4511,Sonya,21
4512,Soo,3
4513,Sook,81
4514,Soon,16
4515,Sophia,51
4516,Sophie,4
4517,Soraya,87
4518,Sparkle,42
4519,Spencer,80
4520,Spring,72
4521,Stacee,55
4522,Stacey,0
4523,Staci,40
4524,Stacia,61
4525,Stacie,63
4526,Stacy,28
4527,Stan,36
4528,Stanford,55
4529,Stanley,68
4530,Stanton,69
4531,Star,38
4532,Starla,32
4533,Starr,44
4534,Stasia,47
4535,Stefan,32
4536,Stefani,77
4537,Stefania,80
4538,Stefanie,83
4539,Stefany,9
4540,Steffanie,18
4541,Stella,9
4542,Stepanie,38
4543,Stephaine,85
4544,Stephan,9
4545,Stephane,88
4546,Stephani,80
4547,Stephania,72
4548,Stephanie,27
4549,Stephany,64
4550,Stephen,57
4551,Stephenie,34
4552,Stephine,52
4553,Stephnie,37
4554,Sterling,79
4555,Steve,67
4556,Steven,43
4557,Stevie,15
4558,Stewart,64
4559,Stormy,75
4560,Stuart,32
4561,Su,97
4562,Suanne,32
4563,Sudie,56
4564,Sue,34
4565,Sueann,90
4566,Suellen,8
4567,Suk,58
4568,Sulema,75
4569,Sumiko,93
4570,Summer,69
4571,Sun,29
4572,Sunday,49
4573,Sung,49
4574,Sunni,81
4575,Sunny,22
4576,Sunshine,37
4577,Susan,81
4578,Susana,5
4579,Susann,20
4580,Susanna,89
4581,Susannah,12
4582,Susanne,72
4583,Susie,80
4584,Susy,43
4585,Suzan,21
4586,Suzann,31
4587,Suzanna,27
4588,Suzanne,53
4589,Suzette,94
4590,Suzi,0
4591,Suzie,27
4592,Suzy,70
4593,Svetlana,90
4594,Sybil,38
4595,Syble,28
4596,Sydney,61
4597,Sylvester,0
4598,Sylvia,66
4599,Sylvie,19
4600,Synthia,39
4601,Syreeta,91
4602,Ta,58
4603,Tabatha,22
4604,Tabetha,96
4605,Tabitha,95
4606,Tad,53
4607,Tai,17
4608,Taina,12
4609,Taisha,75
4610,Tajuana,54
4611,Takako,26
4612,Takisha,60
4613,Talia,13
4614,Talisha,78
4615,Talitha,86
4616,Tam,55
4617,Tama,13
4618,Tamala,34
4619,Tamar,53
4620,Tamara,48
4621,Tamatha,47
4622,Tambra,96
4623,Tameika,98
4624,Tameka,70
4625,Tamekia,80
4626,Tamela,40
4627,Tamera,63
4628,Tamesha,46
4629,Tami,1
4630,Tamica,5
4631,Tamie,56
4632,Tamika,67
4633,Tamiko,66
4634,Tamisha,2
4635,Tammara,51
4636,Tammera,85
4637,Tammi,12
4638,Tammie,73
4639,Tammy,30
4640,Tamra,59
4641,Tana,51
4642,Tandra,86
4643,Tandy,17
4644,Taneka,33
4645,Tanesha,77
4646,Tangela,24
4647,Tania,21
4648,Tanika,97
4649,Tanisha,14
4650,Tanja,75
4651,Tanna,23
4652,Tanner,2
4653,Tanya,64
4654,Tara,89
4655,Tarah,26
4656,Taren,46
4657,Tari,47
4658,Tarra,6
4659,Tarsha,14
4660,Taryn,79
4661,Tasha,50
4662,Tashia,63
4663,Tashina,35
4664,Tasia,96
4665,Tatiana,92
4666,Tatum,11
4667,Tatyana,8
4668,Taunya,58
4669,Tawana,98
4670,Tawanda,90
4671,Tawanna,85
4672,Tawna,14
4673,Tawny,2
4674,Tawnya,26
4675,Taylor,84
4676,Tayna,3
4677,Ted,87
4678,Teddy,98
4679,Teena,89
4680,Tegan,98
4681,Teisha,92
4682,Telma,73
4683,Temeka,84
4684,Temika,19
4685,Tempie,34
4686,Temple,40
4687,Tena,23
4688,Tenesha,81
4689,Tenisha,63
4690,Tennie,9
4691,Tennille,16
4692,Teodora,26
4693,Teodoro,96
4694,Teofila,31
4695,Tequila,93
4696,Tera,97
4697,Tereasa,51
4698,Terence,57
4699,Teresa,87
4700,Terese,70
4701,Teresia,2
4702,Teresita,9
4703,Teressa,12
4704,Teri,15
4705,Terica,64
4706,Terina,77
4707,Terisa,75
4708,Terra,76
4709,Terrance,69
4710,Terrell,89
4711,Terrence,38
4712,Terresa,77
4713,Terri,71
4714,Terrie,96
4715,Terrilyn,87
4716,Terry,93
4717,Tesha,58
4718,Tess,5
4719,Tessa,64
4720,Tessie,66
4721,Thad,63
4722,Thaddeus,52
4723,Thalia,29
4724,Thanh,53
4725,Thao,81
4726,Thea,74
4727,Theda,59
4728,Thelma,71
4729,Theo,3
4730,Theodora,11
4731,Theodore,59
4732,Theola,44
4733,Theresa,79
4734,Therese,9
4735,Theresia,61
4736,Theressa,58
4737,Theron,53
4738,Thersa,33
4739,Thi,89
4740,Thomas,35
4741,Thomasena,38
4742,Thomasina,26
4743,Thomasine,52
4744,Thora,37
4745,Thresa,53
4746,Thu,65
4747,Thurman,65
4748,Thuy,66
4749,Tia,23
4750,Tiana,19
4751,Tianna,9
4752,Tiara,38
4753,Tien,97
4754,Tiera,62
4755,Tierra,67
4756,Tiesha,9
4757,Tifany,61
4758,Tiffaney,64
4759,Tiffani,58
4760,Tiffanie,2
4761,Tiffany,58
4762,Tiffiny,79
4763,Tijuana,54
4764,Tilda,73
4765,Tillie,46
4766,Tim,33
4767,Timika,36
4768,Timmy,40
4769,Timothy,59
4770,Tina,79
4771,Tinisha,52
4772,Tiny,23
4773,Tisa,57
4774,Tish,86
4775,Tisha,20
4776,Titus,79
4777,Tobi,6
4778,Tobias,70
4779,Tobie,78
4780,Toby,21
4781,Toccara,30
4782,Tod,33
4783,Todd,92
4784,Toi,60
4785,Tom,73
4786,Tomas,53
4787,Tomasa,21
4788,Tomeka,10
4789,Tomi,48
4790,Tomika,5
4791,Tomiko,64
4792,Tommie,75
4793,Tommy,89
4794,Tommye,88
4795,Tomoko,42
4796,Tona,89
4797,Tonda,11
4798,Tonette,66
4799,Toney,7
4800,Toni,62
4801,Tonia,21
4802,Tonie,49
4803,Tonisha,83
4804,Tonita,32
4805,Tonja,89
4806,Tony,53
4807,Tonya,45
4808,Tora,17
4809,Tori,4
4810,Torie,81
4811,Torri,79
4812,Torrie,45
4813,Tory,31
4814,Tosha,41
4815,Toshia,33
4816,Toshiko,14
4817,Tova,32
4818,Towanda,23
4819,Toya,9
4820,Tracee,72
4821,Tracey,98
4822,Traci,69
4823,Tracie,54
4824,Tracy,17
4825,Tran,27
4826,Trang,68
4827,Travis,91
4828,Treasa,49
4829,Treena,10
4830,Trena,77
4831,Trent,21
4832,Trenton,80
4833,Tresa,50
4834,Tressa,38
4835,Tressie,27
4836,Treva,14
4837,Trevor,92
4838,Trey,74
4839,Tricia,42
4840,Trina,56
4841,Trinh,64
4842,Trinidad,12
4843,Trinity,4
4844,Trish,62
4845,Trisha,65
4846,Trista,13
4847,Tristan,99
4848,Troy,95
4849,Trudi,99
4850,Trudie,82
4851,Trudy,74
4852,Trula,41
4853,Truman,78
4854,Tu,21
4855,Tuan,40
4856,Tula,10
4857,Tuyet,15
4858,Twana,17
4859,Twanda,32
4860,Twanna,31
4861,Twila,89
4862,Twyla,92
4863,Ty,50
4864,Tyesha,20
4865,Tyisha,15
4866,Tyler,27
4867,Tynisha,56
4868,Tyra,31
4869,Tyree,50
4870,Tyrell,22
4871,Tyron,12
4872,Tyrone,13
4873,Tyson,7
4874,Ula,73
4875,Ulrike,48
4876,Ulysses,65
4877,Un,85
4878,Una,58
4879,Ursula,56
4880,Usha,66
4881,Ute,78
4882,Vada,40
4883,Val,43
4884,Valarie,22
4885,Valda,23
4886,Valencia,26
4887,Valene,58
4888,Valentin,30
4889,Valentina,64
4890,Valentine,62
4891,Valeri,84
4892,Valeria,22
4893,Valerie,22
4894,Valery,8
4895,Vallie,12
4896,Valorie,47
4897,Valrie,82
4898,Van,18
4899,Vance,33
4900,Vanda,18
4901,Vanesa,37
4902,Vanessa,53
4903,Vanetta,6
4904,Vania,80
4905,Vanita,84
4906,Vanna,29
4907,Vannesa,99
4908,Vannessa,58
4909,Vashti,28
4910,Vasiliki,29
4911,Vaughn,12
4912,Veda,42
4913,Velda,52
4914,Velia,46
4915,Vella,51
4916,Velma,86
4917,Velva,97
4918,Velvet,19
4919,Vena,22
4920,Venessa,26
4921,Venetta,96
4922,Venice,37
4923,Venita,62
4924,Vennie,23
4925,Venus,92
4926,Veola,30
4927,Vera,24
4928,Verda,51
4929,Verdell,72
4930,Verdie,17
4931,Verena,12
4932,Vergie,65
4933,Verla,22
4934,Verlene,73
4935,Verlie,75
4936,Verline,94
4937,Vern,50
4938,Verna,89
4939,Vernell,89
4940,Vernetta,57
4941,Vernia,76
4942,Vernice,50
4943,Vernie,81
4944,Vernita,53
4945,Vernon,96
4946,Verona,85
4947,Veronica,33
4948,Veronika,82
4949,Veronique,14
4950,Versie,91
4951,Vertie,72
4952,Vesta,41
4953,Veta,97
4954,Vi,22
4955,Vicenta,85
4956,Vicente,70
4957,Vickey,60
4958,Vicki,81
4959,Vickie,43
4960,Vicky,92
4961,Victor,4
4962,Victoria,33
4963,Victorina,42
4964,Vida,64
4965,Viki,78
4966,Vikki,66
4967,Vilma,21
4968,Vina,54
4969,Vince,46
4970,Vincent,55
4971,Vincenza,10
4972,Vincenzo,71
4973,Vinita,54
4974,Vinnie,63
4975,Viola,79
4976,Violet,46
4977,Violeta,57
4978,Violette,84
4979,Virgen,90
4980,Virgie,58
4981,Virgil,95
4982,Virgilio,49
4983,Virgina,37
4984,Virginia,29
4985,Vita,39
4986,Vito,95
4987,Viva,39
4988,Vivan,98
4989,Vivian,45
4990,Viviana,89
4991,Vivien,98
4992,Vivienne,25
4993,Von,72
4994,Voncile,10
4995,Vonda,59
4996,Vonnie,64
4997,Wade,79
4998,Wai,43
4999,Waldo,70
5000,Walker,6
5001,Wallace,36
5002,Wally,12
5003,Walter,5
5004,Walton,85
5005,Waltraud,97
5006,Wan,39
5007,Wanda,42
5008,Waneta,56
5009,Wanetta,31
5010,Wanita,8
5011,Ward,92
5012,Warner,39
5013,Warren,21
5014,Wava,10
5015,Waylon,86
5016,Wayne,45
5017,Wei,21
5018,Weldon,65
5019,Wen,68
5020,Wendell,90
5021,Wendi,75
5022,Wendie,67
5023,Wendolyn,93
5024,Wendy,87
5025,Wenona,18
5026,Werner,56
5027,Wes,73
5028,Wesley,58
5029,Weston,36
5030,Whitley,69
5031,Whitney,5
5032,Wilber,64
5033,Wilbert,41
5034,Wilbur,99
5035,Wilburn,39
5036,Wilda,28
5037,Wiley,66
5038,Wilford,5
5039,Wilfred,21
5040,Wilfredo,62
5041,Wilhelmina,37
5042,Wilhemina,4
5043,Will,24
5044,Willa,49
5045,Willard,81
5046,Willena,84
5047,Willene,11
5048,Willetta,59
5049,Willette,82
5050,Willia,64
5051,William,14
5052,Williams,42
5053,Willian,34
5054,Willie,7
5055,Williemae,64
5056,Willis,3
5057,Willodean,40
5058,Willow,63
5059,Willy,32
5060,Wilma,63
5061,Wilmer,68
5062,Wilson,0
5063,Wilton,61
5064,Windy,53
5065,Winford,3
5066,Winfred,28
5067,Winifred,92
5068,Winnie,58
5069,Winnifred,21
5070,Winona,46
5071,Winston,3
5072,Winter,52
5073,Wm,47
5074,Wonda,13
5075,Woodrow,23
5076,Wyatt,23
5077,Wynell,77
5078,Wynona,60
5079,Xavier,82
5080,Xenia,67
5081,Xiao,90
5082,Xiomara,35
5083,Xochitl,70
5084,Xuan,69
5085,Yadira,17
5086,Yaeko,34
5087,Yael,30
5088,Yahaira,51
5089,Yajaira,82
5090,Yan,20
5091,Yang,65
5092,Yanira,97
5093,Yasmin,6
5094,Yasmine,15
5095,Yasuko,92
5096,Yee,11
5097,Yelena,96
5098,Yen,99
5099,Yer,53
5100,Yesenia,2
5101,Yessenia,43
5102,Yetta,20
5103,Yevette,11
5104,Yi,92
5105,Ying,32
5106,Yoko,97
5107,Yolanda,95
5108,Yolande,5
5109,Yolando,43
5110,Yolonda,13
5111,Yon,2
5112,Yong,93
5113,Yoshie,92
5114,Yoshiko,55
5115,Youlanda,98
5116,Young,69
5117,Yu,68
5118,Yuette,19
5119,Yuk,36
5120,Yuki,12
5121,Yukiko,82
5122,Yuko,62
5123,Yulanda,96
5124,Yun,57
5125,Yung,81
5126,Yuonne,60
5127,Yuri,29
5128,Yuriko,72
5129,Yvette,71
5130,Yvone,23
5131,Yvonne,33
5132,Zachariah,77
5133,Zachary,42
5134,Zachery,85
5135,Zack,21
5136,Zackary,8
5137,Zada,17
5138,Zaida,65
5139,Zana,61
5140,Zandra,75
5141,Zane,2
5142,Zelda,7
5143,Zella,70
5144,Zelma,75
5145,Zena,10
5146,Zenaida,62
5147,Zenia,88
5148,Zenobia,71
5149,Zetta,28
5150,Zina,33
5151,Zita,65
5152,Zoe,83
5153,Zofia,37
5154,Zoila,14
5155,Zola,84
5156,Zona,47
5157,Zonia,97
5158,Zora,48
5159,Zoraida,80
5160,Zula,3
5161,Zulema,81
5162,Zulma,16